Geographic Area Name,inc_hhlds,inc_hhlds_less_than_10_000,inc_hhlds_10_000_to_14_999,inc_hhlds_15_000_to_24_999,inc_hhlds_25_000_to_34_999,inc_hhlds_35_000_to_49_999,inc_hhlds_50_000_to_74_999,inc_hhlds_75_000_to_99_999,inc_hhlds_100_000_to_149_999,inc_hhlds_150_000_to_199_999,inc_hhlds_200_000_or_more,inc_med_hhld_inc_dol,inc_mean_hhld_inc_dol,inc_per_capita_inc_dol,inc_med_earn_male_full_yr_workers_dol,inc_med_earn_female_full_yr_workers_dol
"Austin County, Texas",11041,482,459,1255,927,1186,1851,1651,2150,551,529,65365,80769,30858,55417,38603
"Kenedy County, Texas",209,25,4,49,13,71,16,23,8,0,0,36125,40908,15820,40848,23295
"Nueces County, Texas",128926,8919,6943,13180,12922,16876,23391,16265,18198,6452,5780,55048,74820,27649,48043,34488
"Colorado County, Texas",7511,386,381,894,891,1244,1345,935,678,428,329,49504,70324,27861,41853,34692
"San Patricio County, Texas",23121,1699,1068,2395,2145,3055,4469,2928,3112,1483,767,55229,71588,25281,50594,31847
"Rains County, Texas",4331,342,138,533,500,660,686,795,343,181,153,49872,65103,26165,46382,40277
"Randall County, Texas",49187,1954,1325,3516,4822,6151,9488,7413,8695,3345,2478,67397,86352,33814,54305,40771
"Real County, Texas",1227,169,83,216,147,216,174,108,64,33,17,34813,48791,21109,27143,27813
"San Saba County, Texas",2104,152,151,307,237,301,425,211,164,121,35,44698,63072,24307,41027,29239
"Schleicher County, Texas",1105,115,40,97,142,132,229,162,123,53,12,55677,61014,25128,53676,25379
"Sterling County, Texas",462,8,15,30,49,97,144,32,59,20,8,59286,66108,28997,67711,33462
"Zavala County, Texas",3509,445,482,599,434,592,500,313,129,9,6,30988,39610,13350,31708,22638
"Calhoun County, Texas",7604,561,280,677,812,1111,1472,883,1204,453,151,55469,70543,26596,47057,29847
"Carson County, Texas",2247,84,64,234,189,223,432,323,419,116,163,70087,84978,32917,55800,40615
"Foard County, Texas",557,9,41,76,78,86,129,65,37,18,18,46354,60131,25636,38977,20962
"Freestone County, Texas",6865,371,492,959,830,848,1057,756,1035,324,193,48731,67181,24083,50804,31098
"Goliad County, Texas",2681,246,173,294,244,203,408,315,478,197,123,60492,76236,29918,61554,39438
"Hamilton County, Texas",3108,191,267,385,379,355,548,357,394,116,116,47500,70251,28074,41516,29388
"Hardeman County, Texas",1519,70,140,301,128,187,312,179,144,12,46,42238,56979,22938,41901,29426
"Mitchell County, Texas",2441,48,87,441,175,479,337,343,394,22,115,49670,71553,20896,42345,34250
"Briscoe County, Texas",632,47,18,118,79,90,115,69,53,28,15,42647,58155,24286,37852,35139
"Lavaca County, Texas",7756,345,627,775,714,1169,1386,814,1133,377,416,53021,77669,31670,47562,34030
"Terry County, Texas",4041,287,149,510,521,713,703,480,388,206,84,44975,62229,20127,42368,31171
"Jeff Davis County, Texas",1050,60,56,137,111,151,241,181,87,23,3,53194,56213,26053,43295,35606
"Jim Hogg County, Texas",1710,173,197,336,206,190,205,180,146,30,47,32049,51120,17798,48097,22266
"Montgomery County, Texas",192823,7698,5203,13614,14507,20528,31726,25034,32753,16584,25176,77416,110807,39618,64402,46428
"Dallam County, Texas",2404,74,78,283,301,459,500,251,262,118,78,51250,78602,26844,45890,31543
"Webb County, Texas",73659,8833,5334,9056,8416,10141,11754,7378,8056,2498,2193,42293,59917,17326,36910,28115
"Armstrong County, Texas",708,16,37,38,60,67,195,94,128,52,21,66563,79808,31075,55250,40625
"Castro County, Texas",2532,148,133,247,356,499,478,306,197,116,52,45000,59313,20915,37044,35971
"Kleberg County, Texas",10946,1647,669,1436,928,1720,1454,1165,1241,399,287,42021,58413,21986,49596,30959
"Willacy County, Texas",5810,972,677,892,608,763,816,510,379,127,66,29944,45647,14207,33306,25991
"Crosby County, Texas",2044,218,151,288,292,363,324,210,128,30,40,37899,50926,19155,35793,26250
"Fisher County, Texas",1649,132,136,144,229,256,292,154,242,33,31,46827,64120,28355,45313,33750
"Duval County, Texas",3511,428,299,564,374,498,626,327,225,84,86,37382,50374,17864,43637,24217
"Blanco County, Texas",4297,167,151,401,353,657,851,465,699,268,285,63071,85285,34925,47961,34068
"Jasper County, Texas",12583,776,882,1818,1495,1692,2065,1584,1547,335,389,46088,64734,25004,57370,30417
"Kinney County, Texas",1170,84,82,305,173,123,114,121,144,15,9,31468,49372,20323,41530,35125
"Deaf Smith County, Texas",6139,332,415,471,686,1072,1125,900,871,141,126,51841,63376,21515,45189,30660
"Galveston County, Texas",119181,7129,4770,10383,9872,12982,18276,13461,20241,10546,11521,69369,95026,35448,64771,47458
"La Salle County, Texas",2216,152,249,227,89,315,677,157,82,147,121,51792,79335,25129,38947,28830
"Roberts County, Texas",311,9,3,26,25,38,60,40,54,44,12,73854,88939,31632,73750,31250
"Tyler County, Texas",7020,510,553,889,853,975,1267,880,806,204,83,43936,57233,20439,52351,32454
"Wheeler County, Texas",2254,143,168,239,231,360,349,339,256,118,51,49352,65686,26844,47174,32273
"Bowie County, Texas",33731,3254,2119,3718,3703,4815,5944,3927,3732,1289,1230,47505,67304,25355,46748,31783
"Brewster County, Texas",3942,411,196,427,406,900,452,436,436,180,98,43894,60719,27227,43527,35940
"Kent County, Texas",318,12,43,32,41,48,47,18,42,3,32,45926,68737,29503,49773,40000
"Smith County, Texas",77195,5369,3712,8292,7560,11243,14111,9405,10296,3522,3685,53511,73922,27141,46121,35502
"Crockett County, Texas",1388,108,89,194,85,153,336,84,266,67,6,51152,63225,24852,43162,27227
"Hardin County, Texas",20385,1552,1262,1800,1886,2182,3641,2387,3484,1233,958,59105,77772,29108,58674,35973
"Howard County, Texas",11036,882,574,960,1420,1509,1966,1470,1541,324,390,51528,71173,23784,48796,29020
"Leon County, Texas",6249,349,367,789,908,828,892,699,743,293,381,44818,80589,32130,53154,30528
"Montague County, Texas",7995,577,388,868,830,1040,1642,991,1004,381,274,51774,68340,28457,54199,30751
"Panola County, Texas",8827,732,452,1045,894,1042,1858,1071,1050,352,331,51569,67548,26403,51276,30203
"Erath County, Texas",13961,1656,639,1395,1559,1947,2491,1410,1716,744,404,48819,67961,25290,42103,32345
"Brazoria County, Texas",118762,5192,4020,7424,8635,11253,20118,17046,23348,11298,10428,79270,97877,33547,63626,47711
"Motley County, Texas",465,40,16,66,75,60,90,53,39,6,20,43750,62145,26103,33750,40139
"Donley County, Texas",1290,98,77,151,166,233,214,154,130,44,23,43224,57942,23711,46944,29677
"Atascosa County, Texas",15387,1014,484,1771,1676,1941,3068,1887,2088,836,622,55265,73390,24421,46273,29942
"Coleman County, Texas",3460,312,145,501,366,697,642,313,238,70,176,43981,64448,27842,41204,29188
"Nolan County, Texas",5469,401,302,845,648,772,894,699,589,161,158,44346,66804,25820,46875,30213
"Hudspeth County, Texas",900,143,101,123,133,191,99,33,43,17,17,29318,45074,14190,26940,21827
"Medina County, Texas",15470,1104,827,1194,1511,1600,3101,1769,2669,981,714,61059,78044,26274,46881,36149
"Ward County, Texas",3956,314,207,378,268,407,715,722,563,199,183,64630,75278,26570,60592,36077
"Henderson County, Texas",30885,2229,1973,3825,3907,4579,5413,3813,3081,1190,875,45798,64314,25280,43754,32546
"Harrison County, Texas",23217,1795,1204,2325,2785,3186,3908,3554,2833,958,669,51202,68884,25418,50660,33857
"Menard County, Texas",992,81,86,216,72,156,127,147,63,38,6,40606,51494,25067,34269,25909
"Lamar County, Texas",19313,2147,1202,2209,2341,2828,3374,2168,1949,676,419,43562,59148,23833,47543,31120
"Fayette County, Texas",9067,539,660,885,830,1244,1700,1176,1134,344,555,56297,76017,30097,45089,30297
"Williamson County, Texas",174754,4443,3458,8449,11907,18565,31234,26315,37620,17413,15350,83679,101648,35825,61035,45919
"Polk County, Texas",17803,1422,1193,2036,2218,2556,3304,1808,1875,691,700,46182,63446,24686,45098,31397
"Refugio County, Texas",2577,189,245,254,299,337,596,250,291,72,44,48112,59434,23810,41603,33363
"Caldwell County, Texas",13225,1002,611,1210,1415,2010,2634,1766,1631,529,417,52278,69537,23881,39793,33974
"Wilbarger County, Texas",5263,268,444,693,577,702,1057,761,474,184,103,48773,59930,24078,40755,28676
"Reagan County, Texas",1147,72,21,98,88,126,215,179,281,33,34,70478,75412,25397,55625,36204
"Hale County, Texas",11146,969,584,1250,1286,1958,2302,1431,965,239,162,47080,56831,19854,41728,32002
"Shelby County, Texas",9292,1056,577,1305,1133,1455,1791,628,957,147,243,40764,54312,20969,40960,31363
"Runnels County, Texas",3749,303,173,550,523,636,602,320,422,143,77,41732,58250,23042,40562,30662
"San Jacinto County, Texas",9487,539,632,1316,1315,1421,1758,1074,937,301,194,44658,59016,21808,42038,31342
"Tom Green County, Texas",43131,2546,1861,4934,5212,6510,7870,5313,5195,1869,1821,51675,72478,28444,42988,31676
"Victoria County, Texas",32544,2136,1419,3373,3186,4571,5468,4116,5058,1720,1497,55631,76886,28576,51404,32818
"Waller County, Texas",14807,802,647,1616,1514,2026,2438,1767,2287,818,892,57654,78075,24495,44726,32173
"Wichita County, Texas",47951,4588,3033,5502,5178,7199,8601,5750,5364,1583,1153,46575,62083,23921,41341,31862
"Wilson County, Texas",15820,685,547,1185,1396,1627,2649,2506,3089,1061,1075,72445,89915,30935,57074,43634
"Hockley County, Texas",7946,408,431,1003,933,1357,1411,949,913,268,273,48116,65147,23440,47456,33347
"Maverick County, Texas",16307,1715,1607,2630,1748,2015,2589,1955,1250,551,247,38035,54137,16891,42442,23796
"Midland County, Texas",55980,1822,1713,3641,4305,5805,9363,7701,10428,4836,6366,78888,109874,39179,64365,42259
"Live Oak County, Texas",3675,151,305,381,424,383,885,316,548,155,127,55766,67552,24244,49242,39518
"Llano County, Texas",8491,483,461,844,1059,1192,1478,995,1056,427,496,52178,82567,35822,42361,36338
"Fannin County, Texas",12231,1005,577,1289,1342,1796,2239,1604,1525,466,388,50761,65077,24581,50000,36165
"Karnes County, Texas",4246,389,257,423,501,462,720,484,460,221,329,52252,83800,26875,44872,34310
"Brazos County, Texas",79053,9557,4364,8937,8310,10293,11863,8810,9410,3522,3987,46839,70257,26539,45944,36787
"Cass County, Texas",11789,1060,695,1466,1522,1829,2075,1316,1298,295,233,45345,56515,22545,41784,29961
"Gaines County, Texas",5737,444,175,538,668,686,999,857,815,318,237,59032,74857,22710,49333,27473
"Gray County, Texas",8000,538,341,1279,1029,919,1399,904,1025,284,282,47170,66873,24911,48117,31497
"Madison County, Texas",4201,276,265,530,579,472,808,315,676,170,110,49428,65516,17856,46455,26530
"Jack County, Texas",3160,212,143,423,384,350,644,320,443,104,137,51700,68400,25626,56388,34067
"Kendall County, Texas",14159,527,307,639,1205,1303,2435,1876,2587,1281,1999,82390,120877,43241,64886,45371
"Bosque County, Texas",7088,326,336,858,802,1144,1428,883,879,223,209,50882,65377,26039,42188,35702
"Bexar County, Texas",632574,45419,29186,62202,63892,84130,118346,79146,87038,31270,31945,55456,76006,26988,43005,37258
"Bailey County, Texas",2111,119,109,174,393,381,322,251,201,110,51,46485,62434,21449,40411,28184
"Baylor County, Texas",1474,78,144,156,249,221,177,202,161,25,61,40750,60098,25264,41719,34821
"Cameron County, Texas",123185,15581,10253,18048,15287,16034,19950,11427,10744,3505,2356,37132,53211,16587,32335,27248
"Denton County, Texas",283250,10133,5902,15106,18475,30850,46764,37790,56131,29352,32747,83376,108579,39535,64216,49842
"Washington County, Texas",12381,789,647,1343,1323,1479,2512,1612,1474,494,708,56237,76880,29604,45341,32154
"Morris County, Texas",5048,384,340,627,654,960,854,537,493,133,66,42961,56797,23438,40670,30141
"Stephens County, Texas",3268,295,258,282,400,669,509,297,331,107,120,45336,62311,24405,49848,32279
"Harris County, Texas",1583486,96861,64276,148086,154564,201347,277335,185201,224530,98609,132677,60146,89270,31901,49579,41028
"Andrews County, Texas",5508,302,171,291,525,686,841,728,1214,398,352,74233,94962,31190,72970,35194
"Gillespie County, Texas",10717,520,492,1171,1191,1299,2140,1105,1615,505,679,58325,80569,33515,47274,36044
"Gonzales County, Texas",7214,392,438,796,865,913,1534,833,794,345,304,53006,73239,26618,40978,31465
"Lynn County, Texas",2133,184,184,283,202,339,290,171,300,66,114,43524,66719,25279,40344,31563
"Young County, Texas",7105,414,324,757,876,1325,1272,768,1066,172,131,47194,64653,25855,49142,27542
"Zapata County, Texas",4405,714,275,700,720,690,504,427,215,78,82,31113,52009,17228,36461,24946
"Hood County, Texas",21969,1247,851,2192,2024,3175,3842,2473,3528,1469,1168,59049,80447,32727,52808,37651
"Hopkins County, Texas",13405,881,654,1529,1665,1695,2775,1562,1577,567,500,51877,69253,26267,47254,31592
"Ochiltree County, Texas",3443,144,146,426,471,538,629,409,428,111,141,49928,70352,24260,51412,24735
"King County, Texas",91,0,3,0,13,24,15,13,18,0,5,65125,75557,31564,42250,32250
"Knox County, Texas",1330,115,55,181,191,167,214,205,153,31,18,46146,57553,21796,43333,37692
"McLennan County, Texas",89034,8072,4770,10774,10095,12112,15229,9979,11162,3631,3210,48199,66650,24826,42600,33357
"Cherokee County, Texas",17940,1188,1153,2366,2010,2934,3537,1808,1722,829,393,46044,60376,21520,40581,33459
"Concho County, Texas",873,66,67,128,116,93,175,63,126,13,26,43355,61808,17684,33772,20735
"Delta County, Texas",2015,158,134,170,309,289,298,281,229,85,62,46138,63240,25004,52143,36349
"Edwards County, Texas",686,68,50,93,107,52,140,71,44,24,37,40313,62107,29814,35163,33487
"Eastland County, Texas",6460,695,457,1246,793,1023,945,373,498,220,210,35325,60741,23940,48326,30581
"Jones County, Texas",5593,383,389,538,722,933,960,665,624,235,144,45694,64904,17673,47568,33987
"Reeves County, Texas",3713,368,166,329,343,450,773,615,436,146,87,58384,67979,20876,49160,35789
"Sabine County, Texas",4099,421,284,811,652,416,627,366,271,140,111,33257,54131,23450,54908,28319
"Sherman County, Texas",1055,42,43,102,130,144,218,146,148,46,36,56576,71238,26335,44653,32679
"Swisher County, Texas",2514,295,112,401,353,400,406,270,180,47,50,38418,53684,19258,41679,31250
"Hunt County, Texas",32369,2272,1942,4113,3363,3856,5465,4443,4233,1698,984,51928,67512,25077,50090,36033
"Camp County, Texas",4692,449,259,514,692,686,862,632,404,158,36,42604,56091,20898,41320,30332
"Hansford County, Texas",1855,139,72,227,411,267,296,191,146,85,21,39229,54819,20127,40861,24109
"Guadalupe County, Texas",53107,2364,1685,3486,3691,6611,10521,7945,9857,4019,2928,70931,86049,30817,52101,39372
"Clay County, Texas",4045,208,219,472,479,594,729,510,520,166,148,51191,68492,27678,54855,32134
"Hill County, Texas",12769,858,679,1563,1499,1899,2481,1394,1600,357,439,48823,65716,24745,42115,32047
"Nacogdoches County, Texas",23904,2409,1567,3625,2373,3382,4250,2459,2481,485,873,43598,60789,22580,43277,31661
"Parmer County, Texas",3318,169,122,308,449,419,783,373,502,132,61,54184,67600,23686,38567,28653
"Presidio County, Texas",2627,389,364,408,390,390,269,87,330,0,0,27061,39099,16066,32396,39318
"Val Verde County, Texas",15429,1640,843,1583,1968,2256,2531,1684,2136,397,391,45521,62212,20881,42405,29106
"Ector County, Texas",51954,2561,1891,4818,5325,6690,9794,6982,8186,3062,2645,60676,82506,28700,54956,35600
"Glasscock County, Texas",432,22,0,71,25,49,39,77,80,49,20,75833,94304,30902,42404,24722
"Grimes County, Texas",8793,634,528,1094,1006,1112,1508,957,1186,367,401,50298,72230,23513,42188,31545
"Collin County, Texas",331336,10888,5742,14782,18352,30711,51452,42804,69454,39903,47248,94192,120691,43439,76606,53878
"Angelina County, Texas",30783,2572,1674,4093,3682,4071,5797,4013,3257,985,639,47714,61152,22322,41488,32622
"Cottle County, Texas",686,77,57,109,105,125,119,46,14,20,14,34375,47243,20108,40526,26250
"Hays County, Texas",70881,4681,2631,5532,5779,8232,12847,10545,11159,4633,4842,65935,85397,30715,51222,40392
"Lipscomb County, Texas",1256,57,101,80,159,127,236,206,181,68,41,57372,73911,28491,54271,28693
"Matagorda County, Texas",13636,1610,906,1448,1484,1919,2351,1588,1410,427,493,45500,62232,24376,50541,31655
"Pecos County, Texas",4557,348,235,319,601,718,740,746,639,118,93,52282,66605,20688,41998,29243
"Rockwall County, Texas",31649,759,691,1404,1716,3062,4701,4266,7317,3824,3909,94767,114436,39295,70422,50851
"Rusk County, Texas",17960,1194,916,1973,1807,2749,3298,2270,2262,869,622,52329,68838,24842,52884,34028
"Throckmorton County, Texas",703,90,52,73,75,76,139,54,109,21,14,44196,62624,28895,53000,29808
"Walker County, Texas",21636,3264,1356,2303,2237,3259,3233,2562,2257,763,402,41855,56197,17789,40050,36918
"Wood County, Texas",16531,1255,1085,1724,1980,2422,2893,2058,1996,663,455,48534,68298,27841,49656,34209
"Aransas County, Texas",9432,836,526,1162,1141,1409,1443,896,1047,476,496,44865,75471,30939,43182,32005
"Childress County, Texas",2235,236,80,259,361,334,428,167,216,117,37,40794,58832,20234,47958,30625
"Coke County, Texas",1617,127,94,228,192,297,276,206,163,22,12,45551,53056,24768,47044,30402
"Coryell County, Texas",22314,1193,988,2314,2666,3647,4875,2966,2761,527,377,51440,64278,21507,35608,32747
"Hemphill County, Texas",1323,32,123,76,171,193,189,149,267,64,59,63778,79573,26781,51622,37381
"Moore County, Texas",6626,291,285,565,823,1167,1472,878,782,202,161,51527,63840,21650,39335,31136
"Navarro County, Texas",17397,1541,810,2058,1960,2654,3276,1943,1943,652,560,47920,64220,23422,40466,33223
"San Augustine County, Texas",3356,500,190,589,377,446,523,372,218,89,52,35509,55145,23261,44167,35992
"Shackelford County, Texas",1234,119,71,156,133,210,210,147,108,52,28,45187,59257,23855,39286,31364
"Starr County, Texas",16238,2338,1760,3113,2013,2219,2067,1079,959,447,243,29294,47374,14122,31870,26634
"Upton County, Texas",1305,124,47,149,140,160,248,144,171,65,57,52257,66849,26183,51375,33611
"Bastrop County, Texas",25345,1363,986,2046,2380,3185,4692,3442,4312,1942,997,62941,78710,26540,46446,37013
"Hall County, Texas",1301,122,141,249,215,139,177,103,108,17,30,32921,54817,22846,40734,30060
"Franklin County, Texas",3806,171,188,483,503,462,658,578,491,94,178,52944,67848,25602,41613,35053
"Frio County, Texas",4624,397,438,570,488,734,737,468,549,149,94,42476,63369,18288,35740,28381
"Lampasas County, Texas",7738,631,229,605,610,1328,1449,974,1088,516,308,58194,73074,28158,52763,35051
"Mason County, Texas",1667,166,133,158,232,310,218,201,120,80,49,40708,60697,25602,38106,28289
"Dickens County, Texas",842,101,98,99,63,139,141,88,73,20,20,41618,57230,23452,46406,37422
"Tarrant County, Texas",698995,34453,25193,54383,63335,86518,131906,93354,110961,47914,50978,64874,89207,32092,51827,42119
"Anderson County, Texas",16459,969,1221,2263,2150,2671,3246,1845,1432,422,240,43355,55852,16868,36865,26890
"Jackson County, Texas",5237,408,173,504,353,667,1133,961,586,277,175,60276,71786,26329,54392,31335
"Milam County, Texas",9381,476,791,1228,1133,1290,1828,1101,1015,324,195,47081,61094,24015,47693,32055
"Comanche County, Texas",5260,397,334,608,532,893,999,638,681,91,87,47893,60948,25127,41545,30548
"Brooks County, Texas",2052,392,104,393,318,205,305,136,181,9,9,27378,41408,13800,29219,22227
"Titus County, Texas",10694,514,704,1600,1154,1724,2163,1138,1142,300,255,46698,59775,20633,38409,29067
"Liberty County, Texas",26203,1660,1546,3015,3099,3818,5087,3194,2970,934,880,49850,66052,22757,50966,35476
"Wise County, Texas",22080,1049,790,1893,2073,2959,4418,3037,3801,1012,1048,61709,79497,28781,52564,40089
"Jim Wells County, Texas",13043,1576,841,1850,1500,1323,2123,1573,1370,520,367,42005,62151,21274,47272,26447
"Dimmit County, Texas",3309,474,330,774,397,277,308,309,263,102,75,27832,50693,18121,41473,21983
"Fort Bend County, Texas",230381,7147,4047,11051,12527,19631,35823,29557,47159,26873,36566,95561,123548,39472,71336,53339
"Irion County, Texas",634,47,52,38,93,59,104,77,93,37,34,54706,75706,31449,60100,33917
"Cooke County, Texas",15368,692,532,1453,1811,2470,2639,2061,2425,688,597,57646,73257,28751,47181,35469
"Dawson County, Texas",4322,394,322,815,373,609,603,441,519,106,140,44657,62692,21543,44051,26088
"Burleson County, Texas",6754,438,347,618,557,965,1400,990,925,308,206,56235,72427,28732,49075,38347
"Jefferson County, Texas",94002,9049,5294,11196,10228,12312,15946,10165,11636,4656,3520,48463,68549,26205,49828,37419
"Oldham County, Texas",527,33,10,62,33,57,128,75,43,45,41,63315,87324,24151,45972,31750
"El Paso County, Texas",265724,23295,17387,33399,31324,40687,48631,27591,27684,9163,6563,44597,60632,20763,38598,31418
"Terrell County, Texas",396,83,2,79,34,69,29,39,53,5,3,33750,48627,23852,73304,30262
"Uvalde County, Texas",8683,621,852,1268,1033,1349,1452,1004,741,242,121,41752,53379,19092,37407,25009
"Archer County, Texas",3332,125,199,289,393,345,550,462,626,198,145,64476,80073,31806,49105,37377
"Hidalgo County, Texas",234879,27667,19576,34297,27818,30516,37980,22272,21941,7541,5271,38398,56090,16490,35026,28811
"Somervell County, Texas",3239,169,201,473,224,492,491,384,509,188,108,53162,68502,26523,63241,30517
"Haskell County, Texas",2125,204,152,316,265,224,492,201,197,43,31,46013,53831,21308,37900,30476
"Mills County, Texas",1750,178,95,280,183,240,359,177,106,61,71,41827,60535,24274,36765,36603
"Newton County, Texas",4978,467,315,888,535,707,800,485,569,151,61,40950,54380,21144,51548,31327
"Kimble County, Texas",1948,147,114,208,296,384,311,196,154,37,101,42500,64992,28899,34747,23662
"Van Zandt County, Texas",19615,1113,990,2441,2043,2798,3966,2371,2470,778,645,51935,69340,26151,45337,35293
"Martin County, Texas",1626,72,50,142,141,229,233,214,217,146,182,69722,94582,29225,53162,36635
"Yoakum County, Texas",2676,66,197,162,203,248,650,298,557,153,142,68814,82418,26519,68603,36103
"Red River County, Texas",5048,522,424,660,725,692,944,525,444,65,47,37955,50123,21666,40186,29032
"Sutton County, Texas",1484,109,28,147,130,244,286,156,252,113,19,60543,71175,29360,54185,33618
"Upshur County, Texas",14036,943,773,1437,1477,2309,2505,1891,1826,415,460,50906,66328,24458,46059,30788
"Wharton County, Texas",15256,1125,1103,1757,1371,2316,2769,1405,2053,1012,345,49619,70765,26281,43442,31191
"Borden County, Texas",261,7,10,10,16,25,49,45,80,10,9,81985,85046,33781,54375,41094
"Marion County, Texas",4459,468,398,689,543,781,552,398,279,128,223,37283,60527,27052,43750,30370
"Grayson County, Texas",47957,3175,2372,4788,4858,6977,8469,7223,5982,2614,1499,54370,70460,27276,45691,35604
"Palo Pinto County, Texas",10312,724,643,1471,1027,1614,1834,1092,1168,346,393,45979,64671,24983,43976,29479
"DeWitt County, Texas",7088,459,575,668,773,885,1199,891,885,244,509,53779,81174,28728,46202,30306
"Callahan County, Texas",5319,654,259,648,577,726,1029,609,458,251,108,44602,59335,24537,41783,30405
"Gregg County, Texas",45532,3422,2400,5200,5394,6809,8496,4784,5610,1918,1499,49287,67886,25839,46156,35192
"Lubbock County, Texas",112185,10219,5492,12064,12034,15870,19608,13614,13681,4690,4913,50473,71043,27089,45699,35418
"Kaufman County, Texas",37364,1850,1531,2857,3098,4815,6821,4540,7606,2822,1424,65390,81752,27411,52527,41538
"Floyd County, Texas",2328,190,156,304,208,343,520,308,214,44,41,48555,57642,23308,41493,29474
"Chambers County, Texas",13529,728,679,985,1064,1562,1600,1538,2461,1585,1327,76850,98290,34372,75949,40444
"Bell County, Texas",120241,7726,4839,11280,12748,18108,25214,16573,15605,4389,3759,54184,69605,25911,42257,35690
"Hutchinson County, Texas",7191,536,522,728,663,1109,1181,929,943,430,150,50651,65818,24725,52628,30403
"Orange County, Texas",31989,1946,1743,2799,3487,4612,5485,3820,4871,2053,1173,55700,74104,28826,59191,37068
"Winkler County, Texas",2572,212,156,180,286,356,409,398,385,98,92,59167,70223,24217,60245,30938
"Burnet County, Texas",16849,581,692,1847,1679,2231,3469,2362,2399,658,931,59238,79066,30507,46182,36201
"Dallas County, Texas",917276,56186,38084,86536,94733,128009,171046,108993,119771,50048,63870,56854,85064,31219,42810,40218
"McMullen County, Texas",223,16,14,6,10,42,45,26,23,16,25,68750,91265,32556,58750,31875
"Johnson County, Texas",56433,2244,1917,4668,5002,7878,11537,8339,9364,3263,2221,62066,78174,27667,49563,38541
"Hartley County, Texas",1681,41,5,151,176,315,421,193,311,17,51,59280,73285,20480,42045,37361
"Limestone County, Texas",8169,664,530,1097,1152,1263,1608,669,777,281,128,42680,57409,21822,36608,31293
"Parker County, Texas",44255,1976,1051,2584,3378,5532,7717,5585,8725,3764,3943,74625,97384,34705,62700,39530
"Culberson County, Texas",681,67,56,156,71,106,115,53,53,2,2,33417,42536,15873,29893,19914
"Garza County, Texas",1628,91,92,86,175,357,303,261,201,22,40,55039,71609,19177,36124,31192
"Travis County, Texas",458484,25185,13833,30702,35855,52824,80575,56305,76961,35361,50883,71767,103148,41049,54718,47395
"Collingsworth County, Texas",1055,83,42,152,194,135,199,147,50,27,26,42750,60536,22880,34964,26613
"Lamb County, Texas",4754,334,485,542,616,713,948,436,478,72,130,43396,57348,21506,40910,31167
"Loving County, Texas",33,0,3,0,3,3,6,2,16,0,0,81875,75148,23546,101667,61250
"Robertson County, Texas",6358,487,357,647,694,865,1164,872,935,163,174,54201,67074,25465,50608,28707
"Taylor County, Texas",49482,3105,2676,5010,5820,7781,9267,5453,6593,1934,1843,50818,69401,26469,41458,31559
"Trinity County, Texas",5918,467,441,916,818,941,1123,489,426,261,36,40407,51359,22265,45856,31094
"Bandera County, Texas",8242,436,453,810,670,1382,1670,1022,1073,337,389,53683,70305,28539,47575,37390
"Cochran County, Texas",996,90,112,126,97,141,152,101,117,49,11,42798,57710,21014,40234,32976
"Comal County, Texas",48903,2017,1437,2986,3659,5974,8230,7418,8321,3838,5023,75356,98131,36899,55209,43405
"Houston County, Texas",8209,833,862,1293,1166,1248,1461,584,599,79,84,34297,47354,18080,31213,24452
"Potter County, Texas",43944,3639,2891,5784,5955,6441,8617,4180,3986,1087,1364,43157,60730,22267,39537,30930
"Scurry County, Texas",5884,185,433,551,786,701,1072,809,903,310,134,55889,69935,24508,54349,32472
"Stonewall County, Texas",582,36,50,89,63,61,79,84,47,50,23,48000,66282,28746,64213,29432
"Brown County, Texas",14016,1033,705,1708,2015,2068,2654,1500,1532,368,433,45457,64580,25145,41504,31092
"Bee County, Texas",8537,1002,575,1104,924,1411,1469,668,827,286,271,42032,60273,17390,46326,28808
"Crane County, Texas",1422,77,29,154,51,120,328,240,303,53,67,70398,79681,26113,57929,28816
"McCulloch County, Texas",3255,275,203,386,347,534,732,362,286,35,95,45329,58607,24409,45357,26534
"Lee County, Texas",6104,376,445,598,491,866,1354,803,686,296,189,55000,67793,25876,47531,33876
"Ellis County, Texas",55840,1972,1861,3719,4313,6129,10812,8484,10267,4812,3471,72213,90350,30727,53656,43455
"Kerr County, Texas",20766,992,814,2202,2562,3448,3852,2838,2414,967,677,52473,73327,30498,41314,37059
"Falls County, Texas",5237,806,392,566,676,818,852,505,458,118,46,38032,49617,17830,31817,35503
"Schoharie County, New York",12559,619,768,1265,1304,1851,2340,1722,1753,565,372,53989,68583,28712,50991,40124
"Onondaga County, New York",185624,12558,9080,17147,16962,23246,33045,23948,28866,11293,9479,59225,79427,32678,54729,45810
"Clinton County, New York",31395,2100,1576,3069,3135,4215,6306,4239,4395,1603,757,55178,68108,26772,46439,42674
"Seneca County, New York",13522,688,622,1529,1525,1786,2820,1961,1726,484,381,54695,69516,27366,50004,37389
"Putnam County, New York",34847,654,741,1844,1835,2587,4916,4412,7615,4529,5714,102186,127975,45905,72344,58323
"Franklin County, New York",19088,1478,1505,1943,1746,2657,3683,2581,2287,711,497,51696,65355,25491,48032,40869
"Ontario County, New York",44286,1802,1633,4030,4051,6177,7912,6321,7469,2354,2537,63359,84783,35121,53693,42401
"Queens County, New York",779234,45630,33236,67706,67074,90643,134092,101438,127283,61120,51012,64987,85330,30289,48816,46633
"Steuben County, New York",40183,2398,2366,4407,4563,5780,7885,5076,5068,1471,1169,51789,68301,28600,48709,40110
"Hamilton County, New York",1124,62,44,122,112,153,269,150,137,42,33,57552,66547,25918,37391,41294
"Washington County, New York",24009,1161,1404,2482,2329,3691,4745,3372,3143,1087,595,54114,67967,27156,48394,38977
"Chautauqua County, New York",52572,3879,3953,7047,5861,7910,9375,6463,5853,1326,905,45332,59330,24825,45644,35777
"Kings County, New York",950856,88547,65443,95330,81986,105546,138339,104354,129218,62876,79217,56015,85910,31984,52893,49314
"New York County, New York",758133,62522,42637,57335,46134,57126,89879,71877,106351,62992,161280,82459,152002,72832,89939,73418
"Tioga County, New York",20045,821,1201,1921,2084,2229,3785,2790,3357,1085,772,60736,76161,31330,52479,42377
"Cayuga County, New York",31251,1597,1532,2923,3295,4638,6118,4176,4811,1304,857,56579,71215,29022,52101,40724
"Orleans County, New York",16333,812,849,1787,1837,2605,3536,1913,2133,536,325,51843,64365,25261,48363,38243
"Saratoga County, New York",93876,2888,2457,6036,6069,10005,16029,13909,19710,8826,7947,80839,100650,41709,68003,51573
"Rockland County, New York",100005,3638,3244,7271,6399,8939,13196,11381,18193,11460,16284,91108,119472,38076,68626,57413
"Columbia County, New York",25243,1316,959,2438,2344,3082,4580,3747,3732,1589,1456,63032,84495,35581,52195,43119
"Lewis County, New York",10242,442,674,822,1270,1676,1996,1424,1309,375,254,52380,66189,26169,45157,39680
"Niagara County, New York",88211,5594,5031,9536,8673,12452,15648,11414,12723,4569,2571,54085,69983,29824,52595,40711
"Westchester County, New York",347332,16308,11298,23046,22133,29162,45739,34986,57254,34655,72751,92758,148770,54572,77599,61498
"Delaware County, New York",19030,1193,1315,2504,2043,2688,3856,2239,2248,514,430,48827,61473,26629,47715,35985
"Essex County, New York",15425,669,835,1528,1587,2084,3200,2179,2225,673,445,56196,72078,30273,47135,36247
"Montgomery County, New York",19665,1470,1278,2649,2320,2756,3788,2123,2105,789,387,45837,62158,25427,46660,37204
"Nassau County, New York",445517,12755,9462,21675,22061,31411,52069,51197,87513,61971,95403,111240,146552,49211,77517,60976
"Richmond County, New York",166152,13395,6336,11416,10704,14540,22758,20844,31501,18179,16479,79267,98841,34987,67778,53862
"Schuyler County, New York",7304,361,394,983,645,1156,1293,1168,984,221,99,51479,63289,26484,49426,36906
"Tompkins County, New York",39326,3934,1926,3144,3853,4216,7038,4836,5307,2306,2766,58743,80256,31464,54171,47970
"Chenango County, New York",20616,1161,1353,2546,2234,2885,4247,2693,2350,697,450,50595,63006,26717,44694,35615
"Cortland County, New York",17685,812,1148,1702,1703,2746,3347,2556,2285,847,539,54489,71421,26979,47978,38684
"Jefferson County, New York",43267,2752,2149,4086,4793,6861,8836,6096,5396,1307,991,52268,65268,25884,41150,34459
"Oneida County, New York",90014,5779,5431,9667,9565,11517,17365,11767,11766,4114,3043,53844,70759,28548,48900,40004
"Suffolk County, New York",487981,16865,12132,26774,27481,39863,66832,61792,99675,62648,73919,96675,123111,42204,68738,53560
"Wyoming County, New York",15815,726,747,1609,1457,2186,3451,2574,2258,530,277,57914,68774,27150,49035,38338
"Chemung County, New York",34373,2582,1823,3526,3743,4497,6640,4412,4828,1229,1093,53299,68938,28115,49631,39540
"Oswego County, New York",46032,3159,2357,4364,4716,6954,8699,6052,6649,1752,1330,53597,68539,27217,50835,38576
"Otsego County, New York",23556,1621,1223,2427,2468,3329,4763,2828,3183,1031,683,53121,68791,27680,44133,38640
"Wayne County, New York",36504,1638,1825,3140,4105,5302,7732,5085,5085,1589,1003,55765,70895,29028,49336,37298
"Albany County, New York",126008,6903,5675,11192,10605,15284,21239,16316,20612,9349,8833,64535,86827,36454,56216,49598
"Broome County, New York",78594,5984,5000,8826,8272,10687,14288,9773,10217,3222,2325,50859,67135,27744,47877,40077
"Erie County, New York",387847,27586,22626,39273,37590,48286,67581,48461,57408,22083,16953,55673,75293,32347,53789,43188
"Madison County, New York",26026,1382,1029,2342,2508,3323,5522,3514,4123,1285,998,60228,74989,28925,51028,40689
"Sullivan County, New York",27890,1695,1487,2982,2975,3728,4786,3815,3655,1620,1147,56256,74996,29292,50158,40738
"Genesee County, New York",23681,1241,1354,2040,2259,3076,4602,3783,3540,1125,661,59338,71189,29465,49783,37947
"Orange County, New York",126776,5905,5003,9478,9309,13065,19300,16281,24772,12577,11086,76716,96483,33472,60290,50266
"Bronx County, New York",499728,67371,49272,65984,52700,64403,77306,47045,45809,16847,12991,38085,56328,20850,39649,38504
"Fulton County, New York",22439,1242,1389,2541,2723,3263,4552,2852,2574,809,494,50248,63186,26875,45184,36783
"Rensselaer County, New York",64563,3267,2725,5127,5956,7780,11640,9127,11182,4465,3294,65851,82570,34280,54936,48651
"Herkimer County, New York",24583,1351,1336,2820,2868,3556,4888,3411,3012,863,478,51862,63842,26151,45350,36838
"St. Lawrence County, New York",41669,2613,2995,5256,4566,5641,7683,5480,5030,1370,1035,49305,63127,24473,50806,39305
"Warren County, New York",27553,1241,1298,2584,2641,3707,5239,3809,4527,1369,1138,59813,77328,33605,51303,42475
"Dutchess County, New York",107347,4288,4595,7062,8073,10738,16901,14471,20484,10440,10295,78028,100352,38048,62784,51521
"Monroe County, New York",300796,19837,15813,29241,29319,38894,52560,36956,45040,17786,15350,57479,77604,32502,54007,44044
"Ulster County, New York",69539,3459,3748,6384,6343,8142,12492,8659,11088,4826,4398,63348,84423,33879,54182,44973
"Livingston County, New York",24383,1300,1300,2552,2140,3582,4760,3392,3710,1089,558,56071,69001,27073,50564,42686
"Greene County, New York",17117,1032,1193,1721,1896,2171,3128,2415,2244,793,524,53617,68228,27271,46820,39630
"Allegany County, New York",18009,1202,1109,2328,1872,3171,3500,2264,1921,379,263,47033,58195,23030,45552,34006
"Cattaraugus County, New York",31433,1941,2233,4043,3674,4586,5967,3952,3605,840,592,47240,59656,24628,44818,36540
"Schenectady County, New York",53295,2687,2811,4842,4677,6347,9241,7403,9089,3613,2585,63785,80867,31412,53370,44689
"Yates County, New York",9029,495,421,1056,981,1307,1547,1214,1236,472,300,54343,72404,27512,44844,35713
"Lake County, California",25966,2374,2051,3203,3247,3607,4030,3178,2609,959,708,42475,60847,25404,43516,36940
"Mariposa County, California",7700,494,484,934,711,1133,1465,1060,873,384,162,51199,64590,29776,44969,41533
"Yuba County, California",26179,1289,1879,2835,2497,3956,4744,3264,3591,1450,674,52624,67391,23867,44748,38905
"Contra Costa County, California",392277,13870,11757,21416,22514,34834,54684,48475,74344,43088,67295,93712,128079,45524,75187,59757
"Lassen County, California",9493,497,609,941,909,1150,1979,1171,1388,599,250,56362,71097,21897,58358,45974
"Santa Barbara County, California",144962,6864,5491,10816,11530,16958,23777,18558,23900,11941,15127,71657,101100,34229,48314,41964
"Sonoma County, California",189339,7132,6950,13121,13538,19516,32265,27194,33102,17769,18752,76753,102483,39929,56448,49937
"Imperial County, California",44057,3622,4272,5700,4444,5498,7086,5127,5278,1709,1321,45834,63186,17590,45736,34311
"Mono County, California",4847,140,102,267,339,745,1243,801,765,218,227,63018,80008,33421,41886,44138
"Alameda County, California",572870,24255,21621,33723,33965,47322,76730,66253,104464,67134,97403,92574,122575,44283,72088,60135
"Sacramento County, California",536029,29236,27434,45253,46057,63279,93941,69723,85746,40791,34569,63902,85289,31311,53402,48002
"Napa County, California",49032,1582,1465,3053,3219,5131,7700,6142,9278,4977,6485,84753,116922,42677,55883,53002
"Monterey County, California",126052,4820,4179,9561,10842,15983,24256,17300,19706,9041,10364,66676,93636,28836,43932,40525
"Sierra County, California",1241,45,127,145,118,196,139,135,263,48,25,48125,67464,31972,76042,32394
"San Diego County, California",1118980,51029,39441,78317,84271,122572,184805,144979,197632,98349,117585,74855,101302,36156,54315,47567
"Yolo County, California",73510,5640,3773,6430,5442,7435,12203,8701,11053,5690,7143,65923,92571,32598,60255,49132
"Humboldt County, California",54267,3804,4175,6889,6159,8242,9925,5712,5664,1888,1809,45528,63753,26747,42593,36973
"Alpine County, California",299,11,20,22,32,37,51,27,51,26,22,64688,92738,29041,51250,31364
"Mendocino County, California",34090,2289,2555,3968,3889,4577,6425,3957,3994,1280,1156,49233,67340,27395,41021,36437
"Santa Cruz County, California",95756,4893,4046,7091,6734,9176,14353,11540,15655,8902,13366,78041,109141,39001,60827,50855
"Los Angeles County, California",3306109,192319,168753,296864,282438,386040,534611,396793,500603,239855,307833,64251,94484,32469,46707,42455
"Riverside County, California",718349,39712,30031,64175,65380,87029,124931,94201,116546,51748,44596,63948,84391,27142,50306,40480
"Santa Clara County, California",635525,20454,17520,29090,29276,44235,71227,65389,114669,83325,160340,116178,154183,52451,90862,64739
"Marin County, California",105258,3448,2877,5474,5554,7858,12246,10687,17758,11730,27626,110217,168429,69275,99141,75500
"Siskiyou County, California",19257,1554,1307,2680,2194,2869,3504,2157,1939,619,434,44200,63208,28130,47402,37909
"Shasta County, California",70473,4231,4935,7857,7541,10154,13004,8110,8201,3722,2718,50905,69130,27983,51045,38344
"Del Norte County, California",9799,879,829,1290,1115,1003,2012,1140,934,281,316,45258,61652,22832,45356,40332
"Glenn County, California",10017,857,863,1233,802,1493,2016,1070,1161,334,188,47395,60614,21736,39370,30973
"Butte County, California",86797,6590,6413,10660,8764,12152,14353,9407,10558,4115,3785,48443,69621,27537,50252,40722
"Plumas County, California",8047,402,610,861,720,1189,1498,1057,1048,397,265,53270,71648,32710,56033,40080
"San Luis Obispo County, California",105317,5649,4287,7915,7435,11870,18392,13799,18862,8158,8950,70699,93008,35832,60306,45221
"Kern County, California",267913,17667,15647,30030,28629,36738,47612,30489,35313,14736,11052,52479,71440,22553,45106,35973
"Orange County, California",1032373,43771,30304,62835,66044,96088,157083,132431,189165,107421,147231,85398,117194,39590,60553,50816
"Calaveras County, California",17417,753,792,1681,1800,2475,2918,2241,2558,1375,824,58151,79782,32494,60251,42342
"Sutter County, California",32360,1593,1561,3284,3286,4552,6202,3959,4862,1721,1340,56955,75716,26070,47280,37229
"San Mateo County, California",261969,7627,6048,11667,12425,18246,30288,28976,47304,32301,67087,113776,162639,57375,79347,65524
"Tuolumne County, California",22427,1297,1450,2062,2346,2834,4045,3114,3038,886,1355,56493,80361,33685,54816,44713
"San Joaquin County, California",226727,11947,11352,21842,20742,28173,40017,28778,35403,15258,13215,61145,81297,26145,50117,41465
"Amador County, California",14090,593,550,1479,1576,1713,2760,1948,2155,591,725,61198,78014,30100,51994,43642
"Merced County, California",79606,5230,5097,8627,8577,12196,14954,9425,8924,3506,3070,50129,69764,21634,40992,35528
"Modoc County, California",3660,288,166,502,574,481,734,424,382,81,28,45149,54126,23235,40600,28846
"Inyo County, California",8083,240,574,794,1064,1184,1667,910,1085,300,265,52874,68448,31540,59444,41925
"Stanislaus County, California",172682,8860,8979,16576,17386,23456,32240,22512,25877,9042,7754,57387,75761,25101,49623,40569
"Tehama County, California",24025,1658,1774,3749,2885,3363,4385,2530,2258,776,647,42899,58939,23126,41083,32444
"San Benito County, California",17740,295,594,938,1125,1939,3198,2420,3849,1766,1616,81977,101057,31475,54753,42542
"El Dorado County, California",69172,2593,2436,5100,4889,6834,10639,8942,12881,6287,8571,80582,104895,40382,72312,53876
"San Francisco County, California",359673,18633,18570,22449,18507,23903,37920,33637,58516,40785,86753,104552,149265,64157,86240,73885
"Tulare County, California",136106,9449,9406,17255,15152,19769,24041,15118,15304,5448,5164,47518,66651,20421,40208,35317
"Nevada County, California",40904,2085,1934,3463,3675,5387,6765,5233,6652,2738,2972,63240,86798,37145,57622,51085
"Madera County, California",44759,2850,2516,4282,4498,7099,8371,5195,6527,1832,1589,52884,69614,21394,42195,35456
"Trinity County, California",5796,577,504,867,769,803,955,556,493,164,108,38497,54856,25964,50189,33409
"San Bernardino County, California",630633,34198,31835,59404,58750,79401,117004,83245,95961,40547,30288,60164,77575,23956,46547,39737
"Placer County, California",140661,5616,4796,8765,9627,12591,21851,18041,27747,15169,16458,84357,109020,41508,74254,58099
"Solano County, California",149067,6100,5323,9438,10274,15969,25215,21756,28449,14073,12470,77609,96029,33700,60730,49969
"Colusa County, California",7113,252,363,890,735,984,1346,1073,781,398,291,56704,82313,27336,41323,32389
"Kings County, California",42735,2329,2404,4089,4685,6570,7666,5962,5610,1943,1477,53865,69985,21186,41785,35959
"Fresno County, California",304624,21380,19989,35375,33605,38742,53091,35192,38001,15704,13545,51261,71663,23284,43618,39089
"Ventura County, California",271226,8653,7711,16744,17921,26844,42811,38297,51509,27073,33663,84017,110792,36891,57726,49285
"Okaloosa County, Florida",77403,3679,2693,6925,7530,10070,15239,10981,12735,4071,3480,62048,79157,31901,47516,36408
"Taylor County, Florida",7356,562,483,1237,1273,1119,1347,617,589,45,84,36934,49042,16919,39496,30796
"Washington County, Florida",8484,856,695,1104,1300,1249,1622,822,540,202,94,37188,50278,18112,37530,31191
"Duval County, Florida",354387,25497,16407,33946,36980,52510,66330,45800,45203,15313,16401,53473,74331,30012,45788,39181
"Bradford County, Florida",8993,1069,617,991,836,1195,1925,1049,945,271,95,46197,57048,20481,42369,33407
"Brevard County, Florida",228888,12747,11298,23662,23929,32989,44671,28041,30189,10953,10409,54359,73762,30987,50501,39170
"Clay County, Florida",73398,3653,1965,6162,6807,9541,15541,10881,11510,4600,2738,62653,78932,29138,49708,40114
"Lafayette County, Florida",2095,245,207,253,264,212,233,305,263,54,59,39543,58488,19870,40194,41627
"Lake County, Florida",130190,7066,6322,14467,15381,19746,25344,17767,15076,5304,3717,51884,66691,27052,42269,36386
"Nassau County, Florida",31241,1552,1118,2056,3152,3720,5964,4252,5318,2192,1917,66297,88805,35335,54355,40248
"Pinellas County, Florida",407720,27780,20093,46204,46101,58712,71041,48207,50265,19664,19653,51454,74155,33478,45961,40526
"Polk County, Florida",231260,15597,11725,26363,26792,38573,45606,27573,24894,7562,6575,48500,63849,23812,40890,34435
"St. Lucie County, Florida",112872,7427,5888,12853,13225,17737,22450,14516,11497,3674,3605,49373,65145,25736,40291,33814
"Glades County, Florida",4433,279,422,504,696,795,852,298,410,96,81,39879,53454,21020,41576,26925
"Hendry County, Florida",12027,1123,721,1939,1435,1994,1848,1509,969,240,249,40728,56431,18900,33562,27355
"Indian River County, Florida",57403,2988,2751,6583,6729,8208,10695,6709,6579,2486,3675,52336,84405,35172,40580,33514
"Jackson County, Florida",16894,1703,1399,2294,2326,2457,3158,1754,1245,345,213,39002,51417,18882,36774,30636
"Palm Beach County, Florida",548216,32617,21769,53030,53168,71182,95186,63252,75660,34529,47823,59943,94302,37998,47778,40886
"St. Johns County, Florida",86268,3619,2233,5071,6486,9885,14606,10926,15137,8435,9870,77323,107878,41393,64842,47001
"Seminole County, Florida",167304,9552,5536,13860,15080,21029,31087,22471,25434,11430,11825,63760,86617,33419,52552,42227
"Miami-Dade County, Florida",870051,82208,51145,101199,91492,116434,145327,92119,98564,40549,51014,48982,75744,26838,38247,32874
"Bay County, Florida",70199,4814,3858,6931,7327,10980,13186,9075,8859,2876,2293,51829,69260,28017,43702,34967
"Flagler County, Florida",40629,2204,1539,4170,4380,6207,8846,5704,4924,1472,1183,53872,68685,27689,42014,33855
"Franklin County, Florida",4297,378,324,469,548,648,647,482,547,99,155,42855,66555,25037,38306,36964
"Hamilton County, Florida",4485,640,422,630,562,518,895,351,339,29,99,34583,48405,15097,40309,28155
"Liberty County, Florida",2381,230,102,287,459,427,318,199,271,74,14,37363,52360,17197,37841,39911
"Sumter County, Florida",54636,2701,2561,4638,5950,8458,11617,8162,6485,2482,1582,55228,71108,33629,38671,34711
"Gadsden County, Florida",17080,1980,840,2098,2277,2982,3152,1605,1522,411,213,40922,52613,20158,37202,33793
"Holmes County, Florida",7016,691,746,997,828,1059,1198,804,534,63,96,38608,49636,18574,36971,33455
"Lee County, Florida",271861,16873,11478,26419,29204,39161,54029,33559,34368,12656,14114,54691,77846,31924,41346,36930
"Marion County, Florida",136514,9757,7462,18053,18832,22663,27026,14045,11997,3375,3304,43361,58779,24570,37956,33256
"Collier County, Florida",140942,5842,4319,11331,12886,18074,26143,17628,19900,9424,15395,65675,106539,43256,42175,38407
"Orange County, Florida",458613,31309,19572,45084,48923,65913,87057,53072,57164,23905,26614,54335,78465,28859,42516,36397
"Pasco County, Florida",199227,11882,10887,22874,22436,30877,36934,24214,23695,8523,6905,50417,68215,27786,47266,40007
"Highlands County, Florida",41026,3214,2579,6672,6434,6937,7808,3305,2410,849,818,37314,55174,23722,35994,30834
"Suwannee County, Florida",15083,1424,1096,1828,1900,2543,2845,1778,1068,261,340,42686,57639,21755,36708,29180
"DeSoto County, Florida",11996,1010,755,2483,1740,1850,2131,1004,634,231,158,35057,48458,18311,28839,29763
"Calhoun County, Florida",4556,372,374,700,604,753,692,545,398,75,43,38609,53151,18921,34667,33217
"Columbia County, Florida",24985,2092,1602,3017,2944,3938,4735,2685,2570,800,602,44491,62378,23901,40989,35294
"Dixie County, Florida",6520,634,594,937,800,1428,1029,346,447,179,126,38237,51366,20527,40159,35970
"Putnam County, Florida",28264,3053,2631,4426,3799,4540,4651,2283,1860,684,337,35649,48542,19976,37277,29496
"Union County, Florida",3892,409,231,396,584,586,796,547,221,82,40,41770,58432,15475,36137,33415
"Manatee County, Florida",143652,7649,6388,14180,15706,20629,26598,16986,20901,7469,7146,56036,78296,32070,43650,37883
"Levy County, Florida",16433,1285,1497,2965,1929,2600,3143,1525,985,289,215,37634,50782,22025,36592,35144
"Baker County, Florida",8625,638,233,938,827,1154,1802,1128,1220,368,317,61769,73897,24070,44644,35984
"Volusia County, Florida",212985,15878,10708,25922,26972,33545,39505,24178,22922,7000,6355,46760,64048,27272,40975,35359
"Leon County, Florida",112918,10681,5308,11089,11879,16308,18001,13699,14204,5942,5807,51201,73745,29754,47595,39635
"Madison County, Florida",6682,893,688,1063,642,1054,1006,591,450,179,116,35509,50429,19223,37344,29389
"Escambia County, Florida",118740,6987,5131,12470,15024,20551,23962,14051,13003,3771,3790,49286,65836,26730,42764,34050
"Hernando County, Florida",73541,4908,3794,8889,9600,12596,14871,8458,7116,1938,1371,46030,59196,24551,41360,35617
"Hillsborough County, Florida",516478,35090,23693,50492,50225,71260,92616,62903,68951,28785,32463,56137,79843,31173,48321,40541
"Wakulla County, Florida",11068,638,279,1036,1023,1558,2089,2152,1641,434,218,62778,69775,24322,47547,39345
"Gulf County, Florida",5359,269,397,715,727,896,819,721,593,158,64,44291,57476,21255,37162,35538
"Osceola County, Florida",99158,6458,3997,11219,11264,16585,19733,12350,12237,2890,2425,50063,64322,21331,34718,31286
"Walton County, Florida",26432,1652,1374,2748,2597,3941,4624,2690,3729,1300,1777,53785,81950,33731,41394,36304
"Jefferson County, Florida",5771,516,283,712,808,633,1230,555,713,213,108,48173,61993,23448,43971,34897
"Hardee County, Florida",7772,770,503,1281,1140,1112,1316,629,653,232,136,37594,54735,18257,31787,27364
"Okeechobee County, Florida",13759,1130,857,1967,1854,2628,2343,1410,1142,235,193,40367,54057,19943,37696,31165
"Gilchrist County, Florida",6511,490,343,841,945,1104,1076,954,496,147,115,42357,56315,21379,37574,32596
"Alachua County, Florida",97048,12123,4828,10941,9260,12098,16862,10386,10921,4618,5011,49078,70309,27896,46014,39606
"Charlotte County, Florida",76150,3989,3824,9381,8860,12694,15455,8896,7877,2550,2624,49225,66950,30528,40153,36244
"Martin County, Florida",63865,3380,2425,7002,5956,8682,11698,7391,8357,3557,5417,57959,93768,40389,48007,41819
"Sarasota County, Florida",180551,8610,7197,16744,18285,25507,34840,22248,24344,9853,12923,58644,85906,39364,47616,39055
"Citrus County, Florida",62762,4969,3906,9128,8583,11098,11683,5599,5142,1414,1240,41424,56165,25983,38757,32799
"Santa Rosa County, Florida",61345,2746,2009,4625,4715,8070,12395,9383,10419,3957,3026,66242,83602,30904,53413,37135
"Broward County, Florida",682088,44143,29764,66587,67609,91913,122637,82582,93240,38323,45290,57333,82204,31464,46308,40321
"Monroe County, Florida",30982,1656,1275,1937,2948,3861,5324,4608,4488,2002,2883,67023,99583,43477,43108,39879
"Jersey County, Illinois",8665,511,331,757,924,1341,1408,1200,1425,532,236,56747,71313,28924,53594,38125
"Putnam County, Illinois",2395,95,54,206,234,328,458,441,381,76,122,65034,79048,34144,53969,37857
"De Witt County, Illinois",6663,274,301,593,710,1082,1424,851,900,339,189,55591,69216,29402,51757,38473
"Fayette County, Illinois",7616,479,532,962,1067,1231,1169,971,869,207,129,44432,59615,22260,43229,32381
"Lee County, Illinois",13699,758,636,1262,1636,1746,2636,2087,1652,798,488,57901,72909,29249,51845,37368
"Logan County, Illinois",10872,486,451,907,1142,1572,2439,1520,1524,505,326,57899,72129,27187,50299,37114
"Macoupin County, Illinois",18772,1095,883,2081,2060,2732,3272,2629,2700,764,556,53778,67689,28050,50655,38635
"Richland County, Illinois",6482,543,413,660,741,959,1200,845,733,190,198,48724,62163,26038,47519,33994
"Saline County, Illinois",10002,1019,1070,1334,961,1371,1686,1021,1075,261,204,41167,56381,23690,48657,31450
"Washington County, Illinois",5975,242,193,559,600,879,1190,967,861,282,202,59469,75730,32394,50580,36017
"Montgomery County, Illinois",11339,778,637,1495,1084,1640,2200,1593,1287,395,230,50304,62938,24816,49012,34735
"Whiteside County, Illinois",23346,1042,941,2649,2640,3652,4723,3282,2693,931,793,53828,69695,29167,49251,33038
"Adams County, Illinois",27300,1658,1225,3037,3181,4166,5540,3229,3365,964,935,51398,69598,29347,44361,36086
"Clinton County, Illinois",14190,651,586,1140,1204,1750,2958,1913,2538,954,496,65010,80242,31240,53221,39903
"DeKalb County, Illinois",37703,2920,1613,3383,3241,4477,7328,4874,6219,2180,1468,61086,75000,28073,53167,39633
"Edwards County, Illinois",2776,139,138,354,305,461,542,366,362,53,56,49766,63054,26908,47367,36639
"Jasper County, Illinois",3656,316,235,334,308,438,851,463,513,127,71,54951,63677,25536,42887,35917
"Jefferson County, Illinois",15223,1298,740,1966,1608,2255,2875,1637,1852,577,415,47617,64402,25770,48909,34147
"Will County, Illinois",227848,7387,4798,13631,15322,22326,39146,31996,47952,24151,21139,83504,102746,35259,66607,47342
"Williamson County, Illinois",27089,1908,1694,3201,2993,3953,5021,3263,3488,895,673,49053,64486,26756,51049,36683
"Douglas County, Illinois",7618,346,426,827,735,1124,1597,957,1055,356,195,54218,70199,27871,45143,32513
"Fulton County, Illinois",14090,1042,767,1783,1450,1976,3063,1792,1500,417,300,50180,62429,25538,47362,32055
"Greene County, Illinois",5005,369,346,578,633,788,979,588,545,102,77,46052,58630,23946,43873,33333
"Hardin County, Illinois",1438,131,112,187,185,182,277,153,161,30,20,43081,63443,25795,52260,27500
"Henry County, Illinois",20023,1176,1000,2108,2136,2499,3707,2750,3178,886,583,57250,69866,29014,53794,36576
"Knox County, Illinois",20830,1563,1652,2650,2376,3361,3830,2405,2058,551,384,43709,58735,24681,43165,31979
"Lake County, Illinois",244672,9827,6141,15277,15901,23559,37750,29869,43197,24368,38783,86244,123830,44287,64865,50445
"Massac County, Illinois",6011,422,494,842,752,781,1113,832,549,119,107,42604,56495,23768,45944,32330
"Scott County, Illinois",1959,103,112,207,200,301,425,247,239,77,48,53973,67886,27218,49408,38824
"Cass County, Illinois",5024,220,252,591,642,684,1084,697,627,106,121,51997,65081,26245,42963,32048
"LaSalle County, Illinois",44644,2526,2161,4607,4688,6161,8760,5741,6648,2008,1344,56243,70670,29093,54035,35253
"Hancock County, Illinois",7420,415,360,885,795,1110,1574,1144,738,200,199,51549,63252,26880,46788,34923
"Grundy County, Illinois",19398,815,821,1179,1151,2122,3731,2952,3756,1915,956,74140,87844,33308,62983,42238
"Kankakee County, Illinois",40050,2925,1822,4199,3228,5055,8038,5548,6014,1819,1402,57981,71986,27164,53860,39516
"DuPage County, Illinois",341823,12909,6829,18773,20583,33404,51908,45972,68068,36813,46564,88711,117832,43982,70879,53469
"Sangamon County, Illinois",83661,5445,4028,8261,7352,9771,15107,11541,12459,5072,4625,60466,80536,34548,55106,44010
"Menard County, Illinois",5198,247,138,415,387,696,906,915,849,397,248,69102,82127,34495,54798,44914
"Cook County, Illinois",1963070,150136,82860,185110,169860,227406,318622,234678,289976,136558,167864,62088,91216,35575,54867,47704
"Ogle County, Illinois",20901,837,929,1650,2223,2972,4334,2531,3594,1180,651,59707,75048,30595,52856,36537
"Morgan County, Illinois",13864,926,792,1731,1637,2025,2534,1856,1605,500,258,48508,63032,26295,46022,36083
"Stephenson County, Illinois",19609,1374,1084,2659,1937,3164,3722,2296,2295,690,388,48016,62446,27453,49344,34519
"White County, Illinois",6082,502,324,734,625,970,1260,864,467,238,98,47773,58877,25859,49589,32588
"Woodford County, Illinois",14566,461,530,955,958,1789,3024,2293,2436,1243,877,71867,91250,35104,62038,41435
"Henderson County, Illinois",2990,97,150,299,343,530,747,381,348,54,41,52712,65045,28401,46081,29452
"McHenry County, Illinois",111812,3195,2378,6255,7066,11031,19452,17112,23648,11432,10243,84803,103328,38047,65980,47574
"McLean County, Illinois",66159,5495,2793,4836,5140,7333,11251,8773,10921,5535,4082,65813,86113,33665,60185,45096
"Perry County, Illinois",8323,955,429,1010,840,1016,1591,1214,984,132,152,48298,61778,24511,53554,35000
"Pike County, Illinois",6527,509,387,877,794,1137,1223,563,647,267,123,42664,57507,24162,42897,32080
"Rock Island County, Illinois",60294,4370,2745,6217,6214,8800,11868,7966,7998,2488,1628,52630,67715,28595,50194,37397
"St. Clair County, Illinois",103063,9299,5248,10037,10045,13889,16647,12819,15379,5268,4432,53681,73185,29541,52625,40036
"Wabash County, Illinois",4896,303,296,619,525,646,933,778,534,154,108,51432,63491,26850,51086,30730
"Calhoun County, Illinois",1805,140,137,173,151,215,368,219,305,51,46,54392,66845,27314,54191,45260
"Cumberland County, Illinois",4322,208,279,456,507,576,1012,507,594,71,112,53376,62334,25622,42421,33222
"Jo Daviess County, Illinois",9758,469,364,999,1111,1375,1993,1321,1391,464,271,57083,73074,32710,46528,35040
"Kane County, Illinois",178050,6844,4761,11705,12687,20373,30459,23738,33541,16612,17330,76912,101298,34924,57370,43436
"Lawrence County, Illinois",6144,342,277,790,829,1117,963,861,681,210,74,45654,58908,22099,48816,32244
"Brown County, Illinois",2087,78,147,211,160,244,467,352,324,54,50,58762,67824,22279,50643,37708
"Marshall County, Illinois",4893,249,271,517,439,697,1018,632,794,166,110,55901,68641,29827,52636,35313
"Iroquois County, Illinois",11779,532,795,1318,1231,1866,2382,1660,1309,442,244,51825,64658,26976,48161,32326
"Christian County, Illinois",13939,949,566,1817,1587,1722,3057,1843,1663,482,253,52415,62807,26166,48572,35476
"Clay County, Illinois",5638,332,358,749,565,882,1143,664,651,217,77,48691,60790,25821,46940,30305
"Gallatin County, Illinois",2314,260,115,334,253,353,393,295,214,62,35,42500,57026,25572,47340,34425
"Jackson County, Illinois",23728,3653,1937,3326,2331,3161,3416,2273,1913,968,750,37802,58035,24521,44483,36047
"Monroe County, Illinois",13349,379,377,910,1070,1417,2096,1853,2699,1276,1272,81268,101408,39988,63045,51927
"Peoria County, Illinois",73629,6110,3439,7608,7112,9483,13528,9447,9715,3625,3562,54770,74500,30753,54234,38609
"Union County, Illinois",6669,499,463,810,728,896,1252,911,714,235,161,49182,62746,25416,44301,38603
"Winnebago County, Illinois",114608,8273,5764,12315,11758,16138,22096,14845,14121,5385,3913,52743,69030,28250,51692,38230
"Piatt County, Illinois",6700,156,193,429,701,1051,1088,1229,1201,369,283,69271,82458,33967,54726,40095
"Pulaski County, Illinois",2173,226,201,395,301,284,399,146,177,32,12,33799,47587,20317,40495,31630
"Schuyler County, Illinois",2836,161,148,243,370,591,555,397,268,73,30,46151,58448,23068,40372,32129
"Stark County, Illinois",2294,131,152,232,298,287,464,307,224,99,100,52260,70542,30225,50337,38036
"Edgar County, Illinois",7590,676,376,810,683,1179,1594,1129,789,228,126,51109,62335,27701,46424,35793
"Bond County, Illinois",6218,384,291,635,503,863,1256,933,903,306,144,58097,70131,26356,48807,33409
"Boone County, Illinois",18731,876,622,1503,1706,2286,3532,2768,3205,1073,1160,66898,85599,30725,55756,39953
"Bureau County, Illinois",13805,665,518,1523,1413,2109,2714,1989,1903,540,431,55940,69674,29126,52252,34993
"Carroll County, Illinois",6476,411,291,727,836,918,1342,898,738,202,113,51228,62739,28053,48193,32568
"Coles County, Illinois",21139,2123,1702,2492,2183,3015,3881,2427,2109,691,516,44071,63161,26790,43050,33309
"Crawford County, Illinois",7653,441,445,958,807,1266,1188,965,996,308,279,49233,68640,26713,51987,35705
"Vermilion County, Illinois",31180,2789,1747,3866,3557,4782,6046,3612,3127,1103,551,45384,59615,24272,45481,35461
"Clark County, Illinois",6774,254,394,756,683,973,1440,891,883,299,201,54158,70037,29887,49177,34259
"Effingham County, Illinois",13555,642,571,1439,1460,1936,2612,1820,1915,663,497,56293,74875,30255,45911,33089
"Hamilton County, Illinois",3376,194,218,325,280,441,816,399,464,128,111,56862,67205,27795,47229,36786
"Johnson County, Illinois",4342,265,230,490,545,593,871,544,574,144,86,50923,65981,22469,53213,38125
"Livingston County, Illinois",14320,746,616,1804,1643,1622,2612,2046,2270,574,387,56200,70341,28236,51805,32623
"Tazewell County, Illinois",54613,2227,1719,4421,5046,7851,11388,7693,8956,2747,2565,62342,80041,33077,56582,39469
"Warren County, Illinois",6690,413,261,751,598,1344,1317,821,796,166,223,49607,66183,26082,45779,36871
"Madison County, Illinois",107413,6629,4944,10189,10547,13929,20597,14012,16166,6124,4276,57890,74862,30802,56343,42130
"Mercer County, Illinois",6624,388,252,493,767,904,1570,961,947,201,141,58011,68250,28995,51348,35279
"Alexander County, Illinois",2323,291,175,418,286,415,355,182,104,86,11,34709,45672,19065,42702,32449
"Randolph County, Illinois",11873,530,653,1282,1358,1837,2377,1682,1537,270,347,52107,67527,25340,46365,33178
"Macon County, Illinois",44113,3452,2449,5256,4571,6159,7933,5639,5185,1907,1562,50444,68106,28925,52470,37732
"Wayne County, Illinois",7075,390,462,751,816,1134,1571,946,707,163,135,49764,60785,26362,43619,35259
"Franklin County, Illinois",16135,1579,1183,2274,1957,2362,3006,1638,1482,406,248,41414,54762,23510,45801,33559
"McDonough County, Illinois",11292,1387,819,1174,1216,1551,1627,1439,1424,417,238,43724,59429,23299,43176,32953
"Moultrie County, Illinois",5910,225,233,569,562,899,1326,793,819,315,169,59623,70504,28391,50110,35728
"Pope County, Illinois",1644,175,77,179,278,191,306,210,190,29,9,40671,52818,22343,42500,36563
"Shelby County, Illinois",9203,464,515,1069,1114,1291,2060,1245,1114,235,96,51157,59674,25320,46107,31891
"Champaign County, Illinois",82499,10978,3699,8015,7573,9970,13835,9079,11109,3954,4287,51692,72496,29683,49078,41549
"Ford County, Illinois",5779,288,273,729,652,870,1122,732,766,197,150,51120,64974,28002,51669,39438
"Kendall County, Illinois",40407,909,711,1279,2055,3891,6677,7027,10151,3973,3734,91764,104526,34423,64213,48517
"Marion County, Illinois",15913,1175,854,2248,1910,2304,3144,1924,1713,402,239,46102,58895,24727,43976,34395
"Mason County, Illinois",6027,306,363,774,804,959,1210,598,696,166,151,45596,61524,27111,48059,34635
