Geographic Area Name,sex_age_pop,sex_age_pop_male,sex_age_pop_female,sex_age_pop_under_5,sex_age_pop_5_to_9,sex_age_pop_10_to_14,sex_age_pop_15_to_19,sex_age_pop_20_to_24,sex_age_pop_25_to_34,sex_age_pop_35_to_44,sex_age_pop_45_to_54,sex_age_pop_55_to_59,sex_age_pop_60_to_64,sex_age_pop_65_to_74,sex_age_pop_75_to_84,sex_age_pop_85_and_over,sex_age_median_age_in_years
"Austin County, Texas",29565,14684,14881,1780,1960,2118,1861,1712,3339,3275,3821,2327,1978,3243,1532,619,40.7
"Kenedy County, Texas",595,286,309,85,37,40,10,10,95,47,75,51,9,85,29,22,39.5
"Nueces County, Texas",360486,178020,182466,24665,25055,24806,25524,26397,52547,45030,43503,22563,21051,28881,15165,5299,35.3
"Colorado County, Texas",21022,10538,10484,1363,1288,1493,1397,1145,2054,2233,2440,1280,1866,2467,1356,640,42.5
"San Patricio County, Texas",67046,33721,33325,4947,4887,5259,4824,4393,8923,8328,8078,4417,3367,5759,2935,929,35.3
"Rains County, Texas",11473,5868,5605,566,652,697,578,507,1126,1243,1429,1088,766,1764,917,140,48.3
"Randall County, Texas",132475,65083,67392,8654,9438,8475,9750,9207,19349,16814,15641,8242,7991,11020,5821,2073,35.6
"Real County, Texas",3389,1426,1963,228,193,121,217,190,252,260,234,301,276,529,476,112,55.0
"San Saba County, Texas",5962,3073,2889,315,239,455,273,441,760,769,594,376,398,746,475,121,40.7
"Schleicher County, Texas",3061,1542,1519,187,252,273,174,174,471,290,344,187,224,281,147,57,35.0
"Sterling County, Texas",1141,622,519,69,109,63,94,24,106,109,205,157,46,100,41,18,44.9
"Zavala County, Texas",12131,6208,5923,925,1115,977,783,1182,1479,1420,1354,666,565,954,543,168,32.9
"Calhoun County, Texas",21807,11062,10745,1488,1533,1503,1580,1228,2795,2530,2732,1646,1103,2076,1041,552,37.7
"Carson County, Texas",6032,2820,3212,365,435,455,465,280,704,706,739,431,395,596,336,125,40.3
"Foard County, Texas",1408,712,696,62,65,87,100,47,87,181,214,104,82,162,160,57,49.3
"Freestone County, Texas",19709,10163,9546,1153,1358,1204,1188,952,2634,2473,2348,1413,1199,2132,1238,417,40.4
"Goliad County, Texas",7531,3734,3797,312,526,530,395,511,672,756,994,684,536,841,683,91,46.0
"Hamilton County, Texas",8269,4070,4199,469,502,454,513,406,832,893,929,641,548,1050,599,433,46.0
"Hardeman County, Texas",3952,1938,2014,196,291,307,199,237,465,401,530,225,302,457,219,123,42.4
"Mitchell County, Texas",8558,5383,3175,446,474,401,486,982,1619,1153,927,434,338,639,443,216,34.1
"Briscoe County, Texas",1546,831,715,82,67,74,93,134,150,149,215,118,100,182,149,33,46.3
"Lavaca County, Texas",19941,9684,10257,1189,1405,1388,1193,1034,2062,1939,2394,1318,1470,2356,1483,710,43.5
"Terry County, Texas",12615,6515,6100,1008,1006,928,913,731,1824,1406,1500,724,654,1063,642,216,34.7
"Jeff Davis County, Texas",2234,1114,1120,61,108,160,142,57,138,202,251,177,232,541,131,34,54.8
"Jim Hogg County, Texas",5282,2550,2732,412,366,514,539,303,525,569,398,350,374,522,328,82,34.7
"Montgomery County, Texas",554445,274604,279841,37835,41459,42853,38640,32889,70249,76216,76447,37260,31124,43917,18995,6561,36.9
"Dallam County, Texas",7243,3795,3448,692,634,663,581,294,1143,680,1027,454,324,422,255,74,31.6
"Webb County, Texas",272053,132906,139147,26546,23862,25976,24233,21883,36453,35572,30398,12160,10584,14333,6922,3131,28.6
"Armstrong County, Texas",1916,960,956,121,94,106,100,82,197,206,271,209,130,232,111,57,46.3
"Castro County, Texas",7787,3905,3882,604,765,574,595,532,785,963,856,477,485,678,324,149,35.3
"Kleberg County, Texas",31425,16052,15373,2222,2295,1915,2953,4777,4366,3270,2828,1301,1461,2274,1283,480,28.0
"Willacy County, Texas",21754,11681,10073,1398,1390,1621,1734,2011,3260,3018,2266,1028,1122,1612,981,313,33.6
"Crosby County, Texas",5861,2921,2940,400,393,534,454,327,643,725,580,391,356,560,374,124,38.1
"Fisher County, Texas",3883,1879,2004,262,183,206,256,258,393,431,455,269,278,488,316,88,44.4
"Duval County, Texas",11355,5758,5597,813,709,1016,633,930,1433,1297,1278,903,318,1101,709,215,36.1
"Blanco County, Texas",11279,5781,5498,461,572,605,685,493,854,1266,1565,1075,1006,1706,779,212,49.9
"Jasper County, Texas",35504,17501,18003,2119,2373,2648,2238,2179,3772,3960,4620,2600,2265,3996,1867,867,40.9
"Kinney County, Texas",3675,2290,1385,87,152,283,190,216,579,391,502,346,178,501,122,128,41.7
"Deaf Smith County, Texas",18899,9507,9392,1663,1579,1746,1510,1301,2372,2314,2075,1100,923,1279,735,302,32.0
"Galveston County, Texas",327089,161269,165820,21173,21795,23438,22157,19905,43687,42869,44116,23589,20096,27241,12627,4396,37.5
"La Salle County, Texas",7409,4408,3001,508,532,287,418,605,1499,887,985,363,291,665,331,38,33.8
"Roberts County, Texas",885,401,484,32,50,109,99,28,83,89,95,55,45,99,83,18,38.0
"Tyler County, Texas",21496,11738,9758,1069,1131,1143,1408,1624,2681,2330,2446,1581,1473,2636,1468,506,42.7
"Wheeler County, Texas",5482,2844,2638,382,438,392,305,253,783,602,583,429,300,578,285,152,39.0
"Bowie County, Texas",93858,47275,46583,6060,6076,6476,5542,6215,12531,12537,11786,6160,5483,8611,4656,1725,38.1
"Brewster County, Texas",9216,4558,4658,487,507,529,418,543,1160,1223,1020,628,714,1215,619,153,43.3
"Kent County, Texas",749,327,422,33,53,34,61,12,41,79,90,65,54,146,59,22,51.8
"Smith County, Texas",225015,108730,116285,15496,15209,15695,15854,16210,30117,26582,26915,13952,13314,20158,11658,3855,36.6
"Crockett County, Texas",3633,1771,1862,303,321,209,305,96,528,364,513,112,343,336,163,40,35.9
"Hardin County, Texas",56379,27342,29037,3739,3620,4188,3784,3256,6855,7194,7149,3961,3438,5602,2691,902,39.0
"Howard County, Texas",36667,20732,15935,2309,2132,2324,2260,2672,5608,5178,5267,2389,1932,2551,1504,541,36.6
"Leon County, Texas",17098,8602,8496,1075,1143,1039,1039,777,1680,1789,1938,1255,1276,2351,1208,528,45.0
"Montague County, Texas",19409,9403,10006,1108,1305,1328,1083,1039,2096,2019,2529,1295,1378,2426,1360,443,43.4
"Panola County, Texas",23440,11498,11942,1430,1282,1903,1628,1412,2675,2890,2688,1596,1710,2393,1361,472,39.3
"Erath County, Texas",41482,20216,21266,2449,2551,2356,4548,5919,5055,4174,4327,2300,2085,3324,1612,782,30.0
"Brazoria County, Texas",353999,179060,174939,25013,27824,25997,23891,21058,49737,51803,47776,22350,18570,24779,11542,3659,35.6
"Motley County, Texas",1156,580,576,58,132,71,75,29,195,55,99,61,43,221,90,27,38.3
"Donley County, Texas",3387,1634,1753,162,195,244,278,251,326,322,368,226,226,427,287,75,41.6
"Atascosa County, Texas",48828,24398,24430,3584,3628,4029,3633,3038,6308,6070,5901,2874,2842,4094,2090,737,35.4
"Coleman County, Texas",8391,4220,4171,504,539,517,385,305,989,822,985,718,617,1120,748,142,46.5
"Nolan County, Texas",14966,7669,7297,1094,1183,1002,1164,910,1591,1650,1682,1111,926,1491,837,325,38.5
"Hudspeth County, Texas",4098,2019,2079,207,362,280,235,274,648,347,508,334,264,385,213,41,37.6
"Medina County, Texas",49334,25551,23783,2891,3061,3442,3492,3486,6103,5643,6687,3387,3198,4795,2163,986,39.3
"Ward County, Texas",11586,5864,5722,848,908,902,822,872,1618,1410,1315,650,645,894,523,179,33.2
"Henderson County, Texas",80460,39097,41363,4537,4681,5081,5230,4356,8568,8690,10190,5983,5744,9977,5700,1723,43.9
"Harrison County, Texas",66645,32556,34089,4354,4977,4720,4844,3991,7842,8124,8253,4591,4269,6439,2959,1282,37.9
"Menard County, Texas",2123,1117,1006,26,140,117,69,55,298,177,352,161,164,327,174,63,49.1
"Lamar County, Texas",49532,23917,25615,3327,2989,3421,3276,2843,5932,5656,6370,3259,3232,5256,3069,902,40.8
"Fayette County, Texas",25066,12351,12715,1256,1533,1540,1391,1320,2317,2618,3037,2150,1881,3277,1970,776,47.0
"Williamson County, Texas",527057,259443,267614,35305,39362,40653,36058,29157,73635,85938,71680,28654,25929,38120,16238,6328,36.1
"Polk County, Texas",47837,25878,21959,2588,2638,2878,2707,2692,5478,5747,6363,3823,4015,5968,2196,744,43.6
"Refugio County, Texas",7236,3586,3650,470,438,501,569,358,753,751,889,524,433,874,463,213,41.9
"Caldwell County, Texas",41401,20893,20508,2577,2943,2606,3361,3419,5517,5119,5109,2834,2354,3347,1490,725,35.4
"Wilbarger County, Texas",12906,6347,6559,673,742,917,991,661,1865,1498,1486,1039,740,1329,767,198,37.8
"Reagan County, Texas",3752,1951,1801,264,397,314,272,222,559,552,375,240,207,169,99,82,31.4
"Hale County, Texas",34113,17751,16362,2392,2344,3045,2761,2678,4698,3986,4047,2033,1637,2418,1342,732,33.1
"Shelby County, Texas",25478,12572,12906,1781,1962,1917,1893,1605,2874,2922,3023,1669,1541,2393,1466,432,37.2
"Runnels County, Texas",10310,5233,5077,573,631,786,672,680,1047,1159,1234,661,740,1132,700,295,40.8
"San Jacinto County, Texas",27819,13718,14101,1542,1535,2038,1527,1398,2830,3153,3433,2133,2116,3873,1835,406,44.7
"Tom Green County, Texas",117466,58343,59123,8045,7575,8016,8791,9913,18429,12895,12734,7307,6300,9808,5225,2428,33.9
"Victoria County, Texas",91970,44999,46971,6568,6371,6729,6326,6150,12754,10914,10734,5638,5615,8163,3963,2045,35.7
"Waller County, Texas",49987,24869,25118,3371,3804,3205,5399,6604,5834,5034,5509,2916,2554,3697,1531,529,29.0
"Wichita County, Texas",131818,68325,63493,8617,8564,7984,10463,11987,19733,15035,14923,8612,7224,10103,5966,2607,34.3
"Wilson County, Texas",48198,24197,24001,2862,3042,3621,3489,2757,5428,5914,7037,3650,3169,4397,1782,1050,40.2
"Hockley County, Texas",23162,11428,11734,1558,1671,1822,1979,1778,3093,2659,2643,1487,1280,1809,923,460,33.5
"Maverick County, Texas",57970,28736,29234,5540,4796,4904,5194,4930,7450,6951,6309,2718,2582,3772,2245,579,29.6
"Midland County, Texas",164194,82543,81651,14261,13180,12007,10706,11559,28956,20904,17789,9523,8516,9254,5172,2367,31.7
"Live Oak County, Texas",12123,6634,5489,655,539,807,767,568,1783,1531,1396,814,840,1372,757,294,42.2
"Llano County, Texas",20640,10138,10502,796,886,811,715,870,1804,1431,2432,1363,2114,3982,2674,762,57.6
"Fannin County, Texas",34175,18034,16141,1722,1973,2259,2038,2131,4166,4038,4832,2381,2190,3623,1948,874,41.9
"Karnes County, Texas",15387,9133,6254,852,999,881,1167,1008,2859,2028,1723,920,800,1105,705,340,34.7
"Brazos County, Texas",219193,111074,108119,13546,11996,12633,21795,43936,35033,23625,19887,9539,8296,11177,5609,2121,26.2
"Cass County, Texas",30087,14692,15395,1482,1958,2162,1926,1420,3156,3314,3927,2148,2120,3653,2048,773,43.4
"Gaines County, Texas",20321,10320,10001,2190,1848,2152,1761,1228,2856,2395,2205,1117,804,972,545,248,27.9
"Gray County, Texas",22685,11903,10782,1641,1631,1617,1273,1414,3119,3021,2783,1538,1080,1862,1133,573,36.6
"Madison County, Texas",14128,8127,6001,648,978,948,565,1300,2721,1889,1597,608,812,1102,742,218,34.7
"Jack County, Texas",8842,4987,3855,493,449,577,647,603,1157,1171,1180,557,504,863,468,173,39.7
"Kendall County, Texas",41982,20415,21567,2138,2599,3124,3123,2249,3936,5123,5786,3238,2772,4557,2356,981,42.1
"Bosque County, Texas",18122,8935,9187,970,929,1294,1065,875,1725,1833,2292,1430,1281,2525,1377,526,46.7
"Bexar County, Texas",1925865,950030,975835,138622,138871,139171,139336,145695,305358,258061,234677,108990,93279,132567,65095,26143,33.4
"Bailey County, Texas",7092,3640,3452,491,655,408,550,581,940,926,715,366,460,494,416,90,33.5
"Baylor County, Texas",3591,1752,1839,178,264,208,176,236,272,354,467,348,216,438,335,99,47.3
"Cameron County, Texas",421750,204788,216962,35652,35812,36879,36264,31611,51385,52290,47020,21969,18687,30250,17532,6399,31.5
"Denton County, Texas",807047,397140,409907,52426,58124,59211,57237,53864,120505,125021,117565,49599,36830,50328,20174,6163,35.2
"Washington County, Texas",34796,17259,17537,2133,1924,2344,3063,2145,3348,3752,4018,2282,2548,3892,2112,1235,41.6
"Morris County, Texas",12424,5981,6443,708,814,852,745,632,1382,1491,1372,868,921,1397,891,351,43.0
"Stephens County, Texas",9372,4808,4564,479,700,552,730,489,1354,963,1049,603,660,975,498,320,38.6
"Harris County, Texas",4602523,2288295,2314228,352799,346412,342994,315136,321813,747301,657407,576550,261843,227941,282371,123989,45967,33.3
"Andrews County, Texas",17818,9102,8716,1551,1634,1449,1461,1113,2680,2193,2134,899,861,1043,563,237,31.2
"Gillespie County, Texas",26208,12731,13477,1302,1298,1622,1551,1180,2124,2609,2872,1763,2276,3920,2599,1092,50.3
"Gonzales County, Texas",20667,10448,10219,1507,1569,1599,1389,1315,2470,2265,2523,1491,1207,1903,1055,374,36.5
"Lynn County, Texas",5808,2977,2831,393,480,434,406,290,692,690,716,361,368,519,364,95,38.2
"Young County, Texas",18114,8930,9184,1093,1163,1321,1316,780,2072,1989,2265,1226,1304,1917,1096,572,41.4
"Zapata County, Texas",14369,7177,7192,1396,1837,897,952,1228,1762,1692,1458,594,554,1077,751,171,29.6
"Hood County, Texas",56901,28004,28897,3109,3220,3506,3474,2578,5914,5641,6942,4449,4261,7883,4531,1393,46.7
"Hopkins County, Texas",36240,17801,18439,2320,2452,2789,2279,2105,4356,4220,4652,2454,2135,3730,2159,589,39.5
"Ochiltree County, Texas",10348,5230,5118,904,834,999,906,531,1465,1467,1017,632,555,618,293,127,31.6
"King County, Texas",228,118,110,17,15,20,15,2,23,21,23,46,13,18,15,0,46.5
"Knox County, Texas",3733,1853,1880,279,272,316,239,250,378,319,460,248,289,334,242,107,39.5
"McLennan County, Texas",248429,121359,127070,17541,16956,16751,20889,26258,31956,28004,27705,14318,13611,19183,10742,4515,33.2
"Cherokee County, Texas",51903,26607,25296,3651,3897,3435,3731,3369,6056,6130,6506,2926,3427,5071,2665,1039,37.8
"Concho County, Texas",4233,2802,1431,121,188,133,575,226,502,588,643,261,241,428,225,102,41.9
"Delta County, Texas",5215,2527,2688,315,282,378,434,241,516,541,647,400,419,613,293,136,42.3
"Edwards County, Texas",2055,1062,993,120,132,63,156,89,140,163,367,122,134,334,219,16,49.3
"Eastland County, Texas",18270,9245,9025,979,1149,1008,1461,1120,1767,2052,2007,1348,1272,2215,1234,658,42.4
"Jones County, Texas",19891,12507,7384,888,913,1075,937,1363,3666,2979,2768,1407,927,1724,934,310,38.5
"Reeves County, Texas",15125,8689,6436,958,866,1005,1086,1137,2271,2455,1939,866,718,993,566,265,35.6
"Sabine County, Texas",10458,5072,5386,450,556,559,569,330,978,862,1189,1051,752,1827,975,360,52.7
"Sherman County, Texas",3058,1574,1484,190,176,208,224,168,347,443,493,158,216,231,170,34,40.4
"Swisher County, Texas",7484,4036,3448,477,508,542,530,368,1198,911,777,416,417,719,407,214,35.7
"Hunt County, Texas",92152,45279,46873,5804,6140,6305,6695,6266,11300,10817,12284,6545,5474,8628,4434,1460,37.8
"Camp County, Texas",12813,6220,6593,953,961,909,853,792,1400,1318,1696,835,795,1335,708,258,38.7
"Hansford County, Texas",5547,2783,2764,467,363,473,436,431,658,736,544,303,273,487,270,106,34.3
"Guadalupe County, Texas",155137,76850,78287,9910,11309,11397,11707,9540,19682,21641,21399,9868,7945,12567,6145,2027,36.7
"Clay County, Texas",10387,5195,5192,464,607,675,606,541,984,1154,1342,800,903,1340,721,250,46.2
"Hill County, Texas",35399,17603,17796,2113,2362,2355,2453,1970,3855,3796,4411,2611,2253,4097,2433,690,42.1
"Nacogdoches County, Texas",65558,31365,34193,4385,4600,3913,6473,8712,7719,6618,6766,4056,3324,5203,2769,1020,30.6
"Parmer County, Texas",9852,5059,4793,760,758,900,737,649,1320,1130,1201,524,597,730,412,134,33.9
"Presidio County, Texas",7123,3497,3626,506,533,575,650,257,545,891,846,346,378,864,617,115,41.8
"Val Verde County, Texas",49027,24925,24102,4192,3547,4027,3771,4126,7022,5701,5386,1863,2498,3825,2019,1050,31.7
"Ector County, Texas",158342,80249,78093,14526,13298,12743,11485,12562,26131,19808,17110,8353,7355,8654,4463,1854,30.3
"Glasscock County, Texas",1430,787,643,68,69,127,132,158,122,229,134,68,150,87,69,17,36.0
"Grimes County, Texas",27630,14892,12738,1534,1604,1975,1843,1701,3173,3608,3669,1951,2018,2901,1153,500,40.3
"Collin County, Texas",944350,464248,480102,59858,69836,76360,67986,53580,120753,151930,143663,56656,45688,62711,26801,8528,36.6
"Angelina County, Texas",87607,42659,44948,6011,6477,6320,6025,5531,11212,10568,11220,5567,5049,7768,3918,1941,37.2
"Cottle County, Texas",1623,792,831,166,137,158,98,31,180,79,229,116,79,209,102,39,37.9
"Hays County, Texas",204150,101636,102514,12742,13582,13391,17308,25542,28878,26754,23560,11592,9516,13864,5782,1639,31.6
"Lipscomb County, Texas",3469,1840,1629,268,305,203,248,170,553,316,399,248,229,262,181,87,34.9
"Matagorda County, Texas",36743,18319,18424,2579,2556,2764,2339,2361,4636,4015,4498,2328,2767,3214,1752,934,37.8
"Pecos County, Texas",15797,9010,6787,1102,1289,902,918,1006,2485,2267,2056,1031,743,1100,636,262,35.9
"Rockwall County, Texas",93642,46167,47475,5826,6996,8035,7237,4966,10679,14190,13418,6475,4729,6828,3092,1171,37.6
"Rusk County, Texas",53595,28379,25216,3167,3705,3292,3594,3263,7115,6993,6959,3744,3153,4874,2787,949,38.5
"Throckmorton County, Texas",1567,694,873,84,49,82,128,98,175,117,213,101,130,207,142,41,46.6
"Walker County, Texas",71539,41642,29897,3120,3108,2959,5491,10647,10015,9805,9702,4367,3608,5197,2269,1251,35.4
"Wood County, Texas",43815,21807,22008,2138,2208,2656,2751,2115,4129,4211,5300,3464,3073,6759,3661,1350,48.2
"Aransas County, Texas",24763,12026,12737,1207,1244,1379,1351,1446,2010,2483,3240,1820,2002,3829,2119,633,49.6
"Childress County, Texas",7226,4449,2777,345,384,409,394,736,1813,878,601,316,395,436,383,136,30.9
"Coke County, Texas",3275,1606,1669,103,125,279,209,92,212,426,465,255,217,492,304,96,50.3
"Coryell County, Texas",75389,37630,37759,5353,4750,5146,4458,8425,14423,10877,8429,3643,2872,4224,1970,819,31.5
"Hemphill County, Texas",4061,1965,2096,260,356,473,370,162,391,609,443,257,200,326,148,66,35.2
"Moore County, Texas",21801,11438,10363,1950,1974,1980,1699,1682,2953,2666,2415,1179,1039,1394,568,302,30.2
"Navarro County, Texas",48583,23845,24738,3492,3280,3829,3489,2814,5587,5639,6170,3384,2815,4566,2518,1000,38.6
"San Augustine County, Texas",8327,4085,4242,394,364,585,602,258,815,714,1154,714,593,1230,677,227,49.4
"Shackelford County, Texas",3311,1770,1541,207,248,167,336,108,380,297,453,354,152,330,211,68,43.0
"Starr County, Texas",63894,31073,32821,6460,5426,5856,5551,5256,8313,7619,6989,2756,2535,4001,2305,827,28.7
"Upton County, Texas",3634,1843,1791,341,239,317,264,162,418,456,447,248,196,307,179,60,37.2
"Bastrop County, Texas",82577,42014,40563,5457,5301,6600,5916,4875,9376,10342,11192,5920,5873,7595,2948,1182,38.6
"Hall County, Texas",3074,1546,1528,124,152,295,275,144,251,330,371,173,250,377,243,89,43.5
"Franklin County, Texas",10679,5362,5317,587,672,840,794,526,1066,1129,1322,789,733,1283,755,183,43.0
"Frio County, Texas",19394,11580,7814,1166,1182,1174,1763,2021,3553,2385,2094,775,900,1356,841,184,31.4
"Lampasas County, Texas",20640,10187,10453,1136,1114,1510,1497,967,2185,2601,2851,1434,1582,2294,1070,399,42.2
"Mason County, Texas",4161,2146,2015,213,124,297,351,200,316,445,533,318,320,643,331,70,46.9
"Dickens County, Texas",2216,1143,1073,109,103,173,146,82,200,323,246,128,193,276,204,33,43.9
"Tarrant County, Texas",2019977,988765,1031212,144494,151834,154147,143146,135990,300991,277505,269412,121880,103987,132708,60433,23450,34.3
"Anderson County, Texas",57863,35412,22451,2991,2985,3276,3040,3562,8821,9905,8259,3227,3598,4859,2481,859,39.1
"Jackson County, Texas",14820,7226,7594,1053,1104,1038,895,890,1638,1995,1693,1124,899,1309,788,394,38.5
"Milam County, Texas",24664,12343,12321,1548,1579,1706,1897,1388,2762,2322,3165,1590,1845,2839,1402,621,41.3
"Comanche County, Texas",13495,6738,6757,762,809,900,1012,572,1278,1438,1646,837,980,1826,1088,347,44.8
"Brooks County, Texas",7180,3724,3456,501,494,503,561,978,831,801,747,302,349,649,412,52,32.7
"Titus County, Texas",32730,16046,16684,2534,2832,2593,2528,2359,4047,3877,3994,1750,1738,2598,1382,498,33.8
"Liberty County, Texas",81862,40439,41423,5715,5789,5927,5526,5518,11704,10271,10863,5591,4421,6603,3154,780,35.7
"Wise County, Texas",64639,32424,32215,4302,4380,4564,4366,3784,8020,7761,9171,4731,4058,5997,2504,1001,38.4
"Jim Wells County, Texas",41192,20178,21014,3041,3107,3521,3174,2596,5304,5092,4722,2210,2414,3425,1980,606,34.8
"Dimmit County, Texas",10663,5186,5477,1015,746,981,864,523,1344,1457,923,435,641,927,515,292,33.7
"Fort Bend County, Texas",739342,363177,376165,51655,58222,59504,54665,43098,91278,113334,104353,47261,41118,49623,18833,6398,36.0
"Irion County, Texas",1524,836,688,60,102,141,127,87,122,140,214,104,138,145,94,50,44.1
"Cooke County, Texas",39571,19660,19911,2677,2627,2440,2643,2550,4818,4226,4932,2641,2973,4111,2154,779,40.4
"Dawson County, Texas",12964,7235,5729,852,740,1067,743,1285,2157,1630,1333,708,601,977,610,261,33.0
"Burleson County, Texas",17863,8977,8886,1092,1152,1009,1174,1040,1986,2000,2102,1281,1399,2103,1120,405,42.6
"Jefferson County, Texas",255210,130660,124550,17595,17385,16171,16490,18238,37482,32341,32075,17101,14877,19797,11079,4579,36.0
"Oldham County, Texas",2090,1145,945,117,137,310,258,118,175,220,188,145,128,195,74,25,29.8
"El Paso County, Texas",837654,411682,425972,65182,61152,66845,64636,71442,123364,104799,97217,46419,39134,54577,30595,12292,32.0
"Terrell County, Texas",862,429,433,8,57,32,16,32,73,128,118,48,77,151,79,43,51.9
"Uvalde County, Texas",27009,13083,13926,2006,2037,2012,2176,1954,3511,3090,2859,1267,1562,2560,1630,345,33.9
"Archer County, Texas",8789,4326,4463,430,448,638,563,529,881,976,1282,656,692,908,589,197,44.5
"Hidalgo County, Texas",849389,415443,433946,80050,76370,79880,73722,66114,113177,109326,91054,36396,33050,50543,29323,10384,29.1
"Somervell County, Texas",8743,4192,4551,504,380,771,415,701,1020,956,1163,624,634,950,403,222,40.9
"Haskell County, Texas",5809,3071,2738,243,331,322,366,429,709,740,661,228,519,678,371,212,42.4
"Mills County, Texas",4902,2329,2573,177,314,451,382,167,319,366,592,393,328,711,476,226,50.6
"Newton County, Texas",14057,7233,6824,679,640,898,1416,716,1191,1752,2005,845,1157,1613,872,273,44.3
"Kimble County, Texas",4408,2154,2254,270,203,203,332,160,247,432,440,360,488,701,399,173,52.9
"Van Zandt County, Texas",54368,26619,27749,3030,3341,3852,3741,2836,5606,6153,7182,3684,4005,6347,3620,971,42.9
"Martin County, Texas",5614,2934,2680,468,467,545,443,401,641,606,854,311,223,378,235,42,32.2
"Yoakum County, Texas",8571,4438,4133,783,964,668,468,678,1229,1017,863,621,309,589,318,64,31.2
"Red River County, Texas",12275,5986,6289,518,547,911,818,677,1173,1424,1473,1032,799,1667,917,319,45.6
"Sutton County, Texas",3865,2116,1749,253,299,255,167,232,575,486,373,334,238,405,141,107,38.4
"Upshur County, Texas",40769,20224,20545,2548,2901,2728,2726,2278,4367,4722,5383,3256,2762,4092,2359,647,40.9
"Wharton County, Texas",41551,20395,21156,2827,2904,3245,3010,2643,5060,4611,5087,3087,2310,3729,2131,907,37.2
"Borden County, Texas",665,346,319,90,17,30,42,23,90,61,58,43,38,105,49,19,42.5
"Marion County, Texas",10083,4915,5168,435,536,554,606,379,911,1016,1367,851,884,1500,896,148,50.1
"Grayson County, Texas",128560,62737,65823,8066,8267,9100,8466,7771,15528,15026,16509,9361,8176,13191,6592,2507,39.9
"Palo Pinto County, Texas",28317,13987,14330,1726,2011,1744,1969,1562,3300,2985,3629,1813,2159,3122,1735,562,40.5
"DeWitt County, Texas",20435,10577,9858,1302,1378,1134,1190,879,2446,2839,2488,1412,1437,2101,1293,536,40.9
"Callahan County, Texas",13770,6763,7007,733,799,1118,848,635,1520,1474,1825,1035,1032,1565,927,259,42.9
"Gregg County, Texas",123494,60208,63286,9322,9310,8434,8245,8595,17098,14731,14571,8105,6878,10055,5425,2725,35.4
"Lubbock County, Texas",301454,148631,152823,20437,19739,20780,25447,37594,44283,34465,31396,16549,14674,20375,11331,4384,30.7
"Kaufman County, Texas",118910,58360,60550,8545,8799,9932,8701,6654,15677,16626,15891,7933,6116,8585,4244,1207,35.6
"Floyd County, Texas",5872,2885,2987,381,386,517,407,358,681,733,583,383,346,573,366,158,36.9
"Chambers County, Texas",40292,20377,19915,2794,3250,3140,3022,2524,5286,5489,5660,2550,2169,2831,1201,376,35.4
"Bell County, Texas",342236,170918,171318,29639,26525,24832,23615,30780,58312,43827,37066,17650,14791,21108,9933,4158,30.8
"Hutchinson County, Texas",21571,10797,10774,1424,1718,1444,1501,1343,2634,2713,2477,1415,1515,1902,1151,334,37.3
"Orange County, Texas",84047,41630,42417,5725,5807,5808,5345,5299,10653,10243,11068,5970,5223,7443,4066,1397,37.8
"Winkler County, Texas",7802,3977,3825,649,714,646,698,548,944,975,942,441,356,472,294,123,32.5
"Burnet County, Texas",45750,22642,23108,2423,2502,3042,2908,2760,4428,5283,5471,3465,3529,5930,3054,955,44.2
"Dallas County, Texas",2586552,1275226,1311326,195852,194682,188069,175401,183838,421527,359293,327994,149682,126422,160112,73856,29824,33.3
"McMullen County, Texas",662,387,275,45,54,56,19,24,82,125,35,58,27,75,42,20,40.2
"Johnson County, Texas",163475,81568,81907,10772,12070,12313,11668,10001,20689,21405,21985,11444,8798,13666,6700,1964,36.8
"Hartley County, Texas",5767,3411,2356,311,325,389,235,172,1115,1031,745,359,258,446,320,61,39.1
"Limestone County, Texas",23515,12056,11459,1508,1359,1544,1614,1391,2907,2780,2869,1560,1700,2541,1307,435,40.0
"Parker County, Texas",129802,64448,65354,7993,9003,9467,8811,7444,14842,16093,18625,9861,8124,12182,5508,1849,39.7
"Culberson County, Texas",2241,1231,1010,195,156,110,109,90,374,173,294,199,113,217,140,71,43.0
"Garza County, Texas",6288,4070,2218,269,238,274,394,516,1075,1172,887,402,280,408,304,69,39.0
"Travis County, Texas",1203166,607356,595810,78751,75966,73312,72912,82452,241541,190102,152905,67198,57677,70442,27992,11916,33.9
"Collingsworth County, Texas",2996,1496,1500,185,191,245,171,201,321,383,351,233,173,313,124,105,39.2
"Lamb County, Texas",13262,6710,6552,970,1059,1071,934,877,1571,1448,1536,918,734,1050,777,317,36.0
"Loving County, Texas",102,58,44,19,5,0,0,3,11,11,0,14,14,22,3,0,55.4
"Robertson County, Texas",16890,8296,8594,979,1165,1236,1032,1077,1752,1856,2299,1117,1177,1911,864,425,40.9
"Taylor County, Texas",136348,66718,69630,10062,9235,9205,10384,14403,19990,14949,14123,7568,7274,10310,6185,2660,32.3
"Trinity County, Texas",14569,7011,7558,672,953,858,818,588,1344,1426,1816,934,1282,2172,1347,359,48.7
"Bandera County, Texas",21763,11032,10731,864,880,1252,1033,1056,1924,2087,2925,1873,2236,3472,1713,448,52.1
"Cochran County, Texas",2904,1491,1413,215,247,208,242,124,447,346,277,205,153,222,188,30,34.5
"Comal County, Texas",135097,66793,68304,7855,8111,9355,8623,7284,14986,16199,18761,9448,10508,14757,6482,2728,42.0
"Houston County, Texas",22955,12432,10523,1181,1372,1161,1224,1325,2412,3021,3182,1669,1574,2605,1543,686,44.0
"Potter County, Texas",120899,62295,58604,9808,10053,8534,7885,8309,18388,15720,14471,7563,5757,8259,4214,1938,33.8
"Scurry County, Texas",17239,9425,7814,1181,1033,1439,1285,1063,2295,2398,1941,1091,921,1370,863,359,36.1
"Stonewall County, Texas",1385,730,655,63,73,137,108,15,106,79,179,131,121,223,119,31,52.0
"Brown County, Texas",37834,18774,19060,2053,2158,2724,2768,2409,4417,4208,4717,2801,2343,4129,2309,798,41.3
"Bee County, Texas",32691,19911,12780,1924,1870,1998,1938,2720,5676,4790,4387,2031,1478,2223,1157,499,35.4
"Crane County, Texas",4839,2511,2328,381,381,473,479,239,639,574,569,317,206,330,196,55,32.4
"McCulloch County, Texas",8098,4260,3838,536,457,532,436,422,825,898,1080,539,584,1059,491,239,44.6
"Lee County, Texas",16952,8558,8394,913,1169,938,1406,954,1669,2124,2162,1207,1304,1724,1017,365,41.5
"Ellis County, Texas",168838,83184,85654,11392,12826,13120,12711,10718,21434,22272,22939,11317,9272,12940,6149,1748,36.1
"Kerr County, Texas",51365,24886,26479,2627,2593,2945,3036,3013,5313,4702,5826,3675,3816,7327,4509,1983,47.7
"Falls County, Texas",17299,8189,9110,1042,1022,1058,967,1175,2466,1914,2421,1238,1013,1600,904,479,39.3
"Schoharie County, New York",31364,15620,15744,1350,1610,1609,2504,2081,3247,3238,4401,2636,2329,3770,1862,727,45.1
"Onondaga County, New York",464242,223995,240247,26583,27226,28145,34190,32440,61565,51694,63081,33947,30336,41656,21386,11993,39.0
"Clinton County, New York",80794,41499,39295,3945,3859,4189,6023,7824,10146,9380,11080,5953,5542,7397,3967,1489,39.3
"Seneca County, New York",34612,18096,16516,1897,1651,2095,1919,2247,4669,3865,4784,2896,2267,3673,1890,759,42.2
"Putnam County, New York",99070,49296,49774,4418,5263,6389,6529,6173,10422,11647,16845,7845,7486,9844,4502,1707,44.1
"Franklin County, New York",50692,27816,22876,2463,2769,2946,3023,3803,7040,6036,7430,3625,3476,4785,2494,802,40.6
"Ontario County, New York",109472,53704,55768,5507,5890,6898,7426,7017,11845,11886,15906,8413,8114,12102,5708,2760,43.5
"Queens County, New York",2298513,1114654,1183859,144790,123406,124069,118190,141802,372909,320326,318272,156633,137460,189763,103751,47142,38.7
"Steuben County, New York",96927,48397,48530,5413,6000,5906,6073,5466,11105,11141,13399,7743,6792,10163,5510,2216,42.6
"Hamilton County, New York",4575,2347,2228,147,167,191,291,243,267,390,631,596,333,807,348,164,54.0
"Washington County, New York",61828,32002,29826,2935,3561,3233,3496,3764,7291,7476,9338,5001,4445,6562,3524,1202,44.0
"Chautauqua County, New York",129656,63960,65696,7042,6705,8040,9407,8604,15083,13614,17040,10365,9088,13606,7615,3447,42.5
"Kings County, New York",2600747,1231912,1368835,193743,162283,154327,141394,171719,474552,359498,311752,148957,138974,192857,103729,46962,35.1
"New York County, New York",1632480,772144,860336,79897,62983,59051,68706,114772,366556,234534,203826,94082,90711,141583,76731,39048,37.3
"Tioga County, New York",49045,24264,24781,2582,2792,3142,2968,2822,5168,5517,6911,4464,3244,5290,2928,1217,44.0
"Cayuga County, New York",77868,39982,37886,3935,4346,4356,4858,4847,9646,9011,11067,6325,5618,7951,3875,2033,42.7
"Orleans County, New York",41175,20539,20636,2113,2323,2136,2523,2448,5491,4607,6296,3417,2877,4047,2118,779,43.2
"Saratoga County, New York",227377,112468,114909,11778,13349,12969,14488,13300,26831,28533,35002,17270,15120,23450,10870,4417,42.6
"Rockland County, New York",323686,158667,165019,25068,25410,24524,23601,21574,37212,35804,41687,21411,17750,27200,15112,7333,36.1
"Columbia County, New York",60919,30495,30424,2572,3150,2951,3355,3285,6515,6492,8982,4977,5063,7870,4140,1567,47.8
"Lewis County, New York",26719,13451,13268,1661,1552,1903,1659,1571,3051,2982,3632,2094,1994,2559,1371,690,42.0
"Niagara County, New York",211704,103127,108577,11078,10904,12945,13069,13101,25881,23528,29830,16305,16663,21648,11123,5629,43.2
"Westchester County, New York",968815,468898,499917,54910,58160,64049,65700,60038,110298,123911,143584,69516,59747,84519,48318,26065,40.8
"Delaware County, New York",45502,22943,22559,1795,2192,2243,3563,2821,4443,4280,6128,3710,3732,6144,3188,1263,47.5
"Essex County, New York",37751,19622,18129,1495,1870,1633,2068,1954,4517,4291,5365,3341,2895,4707,2592,1023,47.0
"Montgomery County, New York",49426,24265,25161,3034,3238,3040,3000,2901,6248,5600,6382,3661,3357,4967,2579,1419,41.4
"Nassau County, New York",1356564,659405,697159,74241,81701,84014,89088,86910,155654,162600,198721,101140,90331,125844,66469,39851,41.6
"Richmond County, New York",474101,229424,244677,27356,28745,29866,29314,30067,63250,60147,67646,33117,31268,43118,21406,8801,40.0
"Schuyler County, New York",17992,8979,9013,915,922,978,1042,935,2043,1909,2694,1554,1396,2131,1103,370,46.2
"Tompkins County, New York",102962,50823,52139,4254,4152,4219,12860,17695,13114,10452,10747,5836,6072,8205,3344,2012,30.9
"Chenango County, New York",48348,24227,24121,2596,2639,2982,2930,2743,5235,5252,6869,4062,3500,5564,2930,1046,44.7
"Cortland County, New York",48123,23550,24573,2527,2832,2412,4399,5791,5466,4879,6120,3494,2656,4399,2104,1044,36.4
"Jefferson County, New York",114448,59931,54517,9078,7900,6749,6937,11415,19655,13294,12635,6310,5856,8506,4271,1842,32.4
"Oneida County, New York",230782,115089,115693,13161,13707,13704,15093,15838,28516,25448,31594,16735,15336,22639,12246,6765,41.2
"Suffolk County, New York",1487901,732269,755632,80227,85048,95973,99916,97917,172284,179030,231671,110693,96003,135037,71937,32165,41.3
"Wyoming County, New York",40565,21734,18831,2071,2176,2336,2320,2518,5519,4764,6132,3059,2916,4077,1938,739,41.9
"Chemung County, New York",85740,42556,43184,5075,4884,5453,5192,5215,10514,10159,11571,6379,5979,8468,4395,2456,41.3
"Oswego County, New York",119104,59648,59456,6521,7073,7165,9240,8956,14223,13043,17428,9240,7977,11018,5079,2141,40.0
"Otsego County, New York",60244,29127,31117,2552,2675,2771,5692,6647,5817,5600,7530,4505,4434,6842,3686,1493,42.0
"Wayne County, New York",90856,44971,45885,4982,5304,5851,5575,5316,9861,10149,13716,7382,6617,9616,4475,2012,43.6
"Albany County, New York",307426,148910,158516,15583,15061,16260,23483,32530,40071,34776,39656,20862,19728,27836,14186,7394,37.9
"Broome County, New York",194402,95608,98794,10199,10544,10312,15288,19109,21714,19835,24367,14305,13108,18651,11074,5896,39.8
"Erie County, New York",919866,444998,474868,50232,50843,53014,59078,62986,128665,101496,123733,69088,62199,87041,46937,24554,40.4
"Madison County, New York",71359,35252,36107,3319,4183,3640,6378,5933,7298,7444,10199,5596,5227,7057,3454,1631,41.7
"Sullivan County, New York",75211,38595,36616,4229,4274,4657,4698,4252,8917,8416,11044,6047,5125,8372,4029,1151,42.9
"Genesee County, New York",58112,29022,29090,2980,3516,3265,3453,3633,7081,6380,8579,5104,3668,5673,3181,1599,43.3
"Orange County, New York",378227,189484,188743,24852,26573,28230,28880,28774,43203,45245,54577,25389,22052,29805,14068,6579,36.9
"Bronx County, New York",1437872,676963,760909,106083,99150,97391,98070,113041,227012,181911,185464,83036,72244,97497,54473,22500,33.9
"Fulton County, New York",53743,26847,26896,2677,3099,3156,3151,3060,6407,6208,8041,3781,4182,5734,2710,1537,43.8
"Rensselaer County, New York",159431,78611,80820,8479,8731,8858,11152,11129,21941,18554,22129,11599,11320,15092,6997,3450,39.9
"Herkimer County, New York",62505,30918,31587,3214,3579,3884,4133,3851,6851,6661,8638,4933,4510,6913,3562,1776,44.0
"St. Lawrence County, New York",109558,55780,53778,5814,6218,6563,9808,9299,12857,11838,14315,7798,7164,10269,5197,2418,38.9
"Warren County, New York",64480,31698,32782,2836,3343,3424,3534,3553,7430,6963,9562,5117,5225,7908,3750,1835,46.4
"Dutchess County, New York",293894,146174,147720,13631,14599,17309,21866,22024,33821,33864,44870,23014,20196,27457,14698,6545,42.0
"Monroe County, New York",744248,359374,384874,41595,43403,44235,51252,53257,103968,83605,99986,52237,49079,68688,34806,18137,38.9
"Ulster County, New York",179303,88774,90529,7950,8819,9595,11075,11932,21959,20768,26409,14550,12911,19683,9557,4095,43.7
"Livingston County, New York",63907,32050,31857,2804,3028,3500,5379,6509,7028,6593,8973,4736,4644,6182,3172,1359,40.8
"Greene County, New York",47617,24903,22714,2029,2014,2442,2735,2970,5739,5187,7032,3775,3698,5909,2750,1337,45.8
"Allegany County, New York",47025,23755,23270,2425,2666,2745,4692,4342,4761,4648,5663,3522,3117,4863,2471,1110,38.8
"Cattaraugus County, New York",77686,38491,39195,4440,4742,5182,5320,4972,8412,8380,10441,6045,5646,8039,4311,1756,42.0
"Schenectady County, New York",154883,75453,79430,9017,8893,9757,9883,10373,19968,18915,21250,11243,10069,13688,7303,4524,39.9
"Yates County, New York",25009,11999,13010,1511,1479,1650,1831,1941,2590,2376,2993,1902,1861,2825,1512,538,41.3
"Lake County, California",64148,31879,32269,3683,3828,3496,3516,3231,6973,6706,8097,5137,5540,8591,3975,1375,45.6
"Mariposa County, California",17540,8920,8620,762,761,751,804,803,1885,1614,2284,1503,1683,2778,1556,356,51.4
"Yuba County, California",75493,38468,37025,6126,5796,5815,4955,5600,11930,9193,8410,4592,4001,5647,2311,1117,32.5
"Contra Costa County, California",1133247,553701,579546,65505,73025,76328,72857,68013,143793,151683,164203,78858,69200,99537,48565,21680,39.4
"Lassen County, California",31185,20671,10514,1384,1272,1477,1444,3218,6287,4353,3899,1803,1891,2504,1250,403,36.0
"Santa Barbara County, California",443738,222208,221530,28356,27457,27240,37445,49425,58974,50124,49960,25886,24096,35041,19841,9893,33.7
"Sonoma County, California",501317,245196,256121,25736,28607,28944,29922,30140,65417,61766,66429,35686,37573,55520,23956,11621,41.7
"Imperial County, California",180216,92250,87966,15092,13588,14616,13576,14006,26210,21833,20565,9536,8748,12428,6979,3039,32.4
"Mono County, California",14174,7341,6833,464,786,911,630,1341,2264,1563,1964,1314,907,1385,568,77,38.3
"Alameda County, California",1643700,807171,836529,97506,96428,95792,93865,103705,271867,244557,224507,106455,93101,126820,60948,28149,37.4
"Sacramento County, California",1510023,737742,772281,99356,101293,102000,94932,100159,234363,197732,195044,95111,87826,117908,57619,26680,36.0
"Napa County, California",140530,70082,70448,7318,7449,9619,9036,8888,17269,17769,18925,9560,9337,14353,7545,3462,41.1
"Monterey County, California",433212,220967,212245,32318,31786,32230,30473,31877,63216,56042,51701,25456,22598,32072,15291,8152,34.1
"Sierra County, California",2930,1542,1388,112,111,153,141,83,187,380,254,482,174,516,281,56,55.5
"San Diego County, California",3302833,1661931,1640902,211969,198148,197726,209496,262118,541385,436855,420221,201666,183654,251516,127904,60175,35.6
"Yolo County, California",214977,104375,110602,12467,12618,13052,20389,30396,29455,24981,23778,11704,10696,14761,7050,3630,31.0
"Humboldt County, California",135768,67666,68102,7364,7787,6803,9105,12763,18345,17028,15030,9122,9774,14208,5791,2648,38.0
"Alpine County, California",1146,612,534,39,58,79,114,72,91,140,83,68,109,192,66,35,44.3
"Mendocino County, California",87422,43439,43983,5143,5838,4704,5160,4778,9969,10119,10569,6405,6892,11538,4309,1998,42.8
"Santa Cruz County, California",273765,135727,138038,14535,14511,15516,22731,27607,33557,31870,34702,19532,18203,25867,10581,4553,37.4
"Los Angeles County, California",10098052,4976788,5121264,624745,607905,626594,654903,738416,1609935,1387454,1369838,631221,547764,734393,384700,180184,36.2
"Riverside County, California",2383286,1186188,1197098,158008,169403,177796,177697,170153,328917,303627,303884,142066,123126,186772,101900,39937,35.3
"Santa Clara County, California",1922200,970469,951731,118688,119462,124678,113909,121662,304906,280977,269412,120020,101578,138006,75122,33780,37.0
"Marin County, California",260295,127113,133182,12292,15188,16044,14371,11859,22746,31827,41362,20429,19552,32032,15888,6705,46.5
"Siskiyou County, California",43540,21706,21834,2257,2695,2309,2459,2028,4439,4286,5085,3768,3751,6451,2829,1183,48.0
"Shasta County, California",179085,87859,91226,10520,10893,10500,10808,10213,22779,19093,22249,12939,13470,20852,10598,4171,41.8
"Del Norte County, California",27424,14575,12849,1584,1547,1849,1533,1474,4081,3448,3370,2151,1802,2808,1166,611,38.6
"Glenn County, California",27897,14171,13726,2051,1760,2347,2031,1784,3447,3385,3382,1652,1758,2445,1363,492,36.6
"Butte County, California",227075,112513,114562,12523,13858,11572,15615,25617,28693,24065,25068,15004,14841,23163,11730,5326,37.1
"Plumas County, California",18699,9423,9276,859,893,827,992,698,1714,1844,2211,1592,2081,3160,1410,418,52.2
"San Luis Obispo County, California",281455,142769,138686,13457,14079,14326,22464,29568,32771,30037,32501,19546,19948,31047,15299,6412,39.1
"Kern County, California",883053,452646,430407,71173,72357,72906,65963,68554,135500,110974,102382,49204,42035,55461,26402,10142,31.5
"Orange County, California",3164182,1562429,1601753,188956,189548,206380,208793,218993,453121,415919,453608,211722,176654,249211,131180,60097,37.8
"Calaveras County, California",45235,22434,22801,1936,2398,1926,2319,2054,3929,4212,5878,3966,4403,7469,3517,1228,52.1
"Sutter County, California",95872,47789,48083,6614,7219,7031,6583,6204,13284,11641,11722,5701,5645,7826,4618,1784,35.7
"San Mateo County, California",765935,377851,388084,44775,46334,43978,40654,42295,111996,110088,108983,51530,47435,66210,33971,17686,39.6
"Tuolumne County, California",53932,28102,25830,2389,2833,2220,2641,2726,6669,5563,6359,4214,4967,7859,3739,1753,48.4
"San Joaquin County, California",732212,364612,367600,52723,57384,56988,55240,51640,101222,94351,92011,42250,38942,52720,25773,10968,34.1
"Amador County, California",37829,20302,17527,1534,1540,1727,1978,1530,3744,4329,5105,3003,3387,6144,2555,1253,50.5
"Merced County, California",269075,135816,133259,21254,22886,22499,23338,21064,38509,32974,30749,14281,12201,16993,8987,3340,30.9
"Modoc County, California",8938,4613,4325,402,556,464,491,252,1115,873,1050,691,751,1351,690,252,47.7
"Inyo County, California",18085,9084,9001,1011,1108,888,1055,779,2047,2018,2120,1404,1507,2321,1247,580,45.7
"Stanislaus County, California",539301,266844,272457,39410,41234,41604,39283,37852,77347,67919,66531,33381,26970,39540,19925,8305,34.0
"Tehama County, California",63373,31504,31869,3867,4283,4463,3872,3554,7538,7003,8006,4489,4333,7013,3481,1471,40.9
"San Benito County, California",59416,29626,29790,3902,4187,4678,4469,4104,7890,7645,8149,3850,3348,4278,2031,885,35.5
"El Dorado County, California",186661,93040,93621,8672,10025,11954,11579,9715,18743,20562,26817,16226,15617,22676,10245,3830,45.8
"San Francisco County, California",870044,443970,426074,39519,31072,29588,30492,49822,202928,137296,115998,51067,50824,71250,38978,21210,38.2
"Tulare County, California",460477,230255,230222,38504,40849,40772,37292,33987,64943,57243,51482,23979,21035,29507,14406,6478,30.8
"Nevada County, California",99092,48889,50203,4221,4656,5063,5249,4126,9903,10823,11994,8407,9473,15491,6588,3098,50.1
"Madera County, California",155013,74683,80330,11807,11847,12193,11303,10848,21466,19585,18065,8898,8204,12760,5764,2273,33.9
"Trinity County, California",12862,6582,6280,571,646,523,752,404,1057,1418,1661,1076,1365,2067,1055,267,51.8
"San Bernardino County, California",2135413,1062472,1072941,154616,159351,160376,159896,169422,319211,273918,268397,128278,108605,141854,66406,25083,33.1
"Placer County, California",380077,185511,194566,20325,25051,24540,24399,20279,41834,48667,52916,26116,24851,40466,21867,8766,41.9
"Solano County, California",438530,217931,220599,26706,27649,27594,26976,29952,63551,54436,58247,29377,29652,39080,17772,7538,37.9
"Colusa County, California",21464,11124,10340,1589,1708,1639,1538,1356,2878,2523,2641,1494,1132,1768,860,338,35.1
"Kings County, California",150075,82674,67401,11639,11665,11255,10441,12754,25059,20610,18001,7714,6370,8414,4632,1521,31.7
"Fresno County, California",978130,487936,490194,78636,78627,78151,71970,74241,148512,120605,111792,53835,47323,66238,32360,15840,32.0
"Ventura County, California",848112,419588,428524,51709,53476,59175,57639,59428,112151,105619,116202,59504,49774,71153,35016,17266,37.9
"Okaloosa County, Florida",200737,101745,98992,13322,12467,11875,11067,14503,32144,23664,24689,14132,11871,17994,9712,3297,36.8
"Taylor County, Florida",22098,12414,9684,1028,1189,1394,1002,1397,3177,2812,2865,1368,1644,2536,1416,270,41.7
"Washington County, Florida",24566,13231,11335,1256,1526,1252,1475,1429,3362,3235,3449,1894,1425,2631,1196,436,41.8
"Duval County, Florida",924229,448163,476066,62490,58528,56246,54020,64238,151026,116941,120835,62214,54211,74998,33953,14529,36.1
"Bradford County, Florida",26979,14841,12138,1418,1668,1517,1387,1501,4166,3489,3458,1714,1864,2651,1603,543,40.1
"Brevard County, Florida",576808,282023,294785,27189,27561,32298,31681,31303,63768,59144,79016,48320,43445,71603,43147,18333,47.2
"Clay County, Florida",207291,102225,105066,11571,14339,13839,14590,11925,25819,26825,29895,15183,12374,19606,8804,2521,39.5
"Lafayette County, Florida",8744,5066,3678,543,467,546,574,468,1329,1313,1183,664,480,701,339,137,39.1
"Lake County, Florida",335362,162402,172960,16662,17593,19738,18031,16249,35434,36342,42073,21764,23325,47920,30731,9500,46.8
"Nassau County, Florida",80578,39956,40622,4009,4120,5014,4500,4015,8749,9846,10950,6341,6199,10619,4782,1434,45.0
"Pinellas County, Florida",957875,459766,498109,42635,43795,44377,45352,49164,113584,105172,134683,76526,74092,122227,71045,35223,47.8
"Polk County, Florida",668671,327706,340965,39134,42049,42635,42132,40950,84933,78824,82087,41060,41329,75558,43535,14445,40.3
"St. Lucie County, Florida",305591,149385,156206,15920,16568,18301,17731,16515,34163,34185,39127,22179,19793,38763,23116,9230,44.8
"Glades County, Florida",13363,7303,6060,439,664,744,745,715,1575,1543,1720,917,838,1889,1244,330,47.2
"Hendry County, Florida",40127,21437,18690,2840,2802,3319,2960,2921,5573,5030,5087,2571,1737,2968,1650,669,33.9
"Indian River County, Florida",150984,72290,78694,6447,7330,6796,7661,7109,13465,13757,17784,10142,12758,24936,15117,7682,52.9
"Jackson County, Florida",48472,26784,21688,2371,2192,2826,2922,2791,6515,6719,6590,3546,3019,5123,2900,958,41.6
"Palm Beach County, Florida",1446277,701207,745070,74181,77315,78524,81182,80323,171605,166862,191753,97722,89902,164266,114719,57923,44.6
"St. Johns County, Florida",235503,114660,120843,11949,13754,16206,15392,11530,23377,30238,34117,18033,15668,27920,12590,4729,43.4
"Seminole County, Florida",455086,219935,235151,24115,27007,27593,28215,29175,65381,61743,65388,30329,28677,39798,18270,9395,39.2
"Miami-Dade County, Florida",2715516,1318627,1396889,157507,148896,153683,157350,175212,388968,380348,403554,174395,152250,226265,135591,61497,39.7
"Bay County, Florida",182482,90768,91714,11389,11129,10582,10136,11442,26120,22103,24546,13502,11373,17440,9271,3449,39.4
"Flagler County, Florida",107139,51187,55952,4331,5068,5767,6053,4472,9312,10776,13127,7924,8729,18506,9682,3392,50.9
"Franklin County, Florida",11736,6714,5022,516,561,554,505,634,1707,1395,1579,856,914,1559,686,270,45.0
"Hamilton County, Florida",14269,8281,5988,669,865,732,813,1057,1986,1781,2019,1248,748,1487,652,212,41.5
"Liberty County, Florida",8365,5110,3255,375,397,366,536,684,1171,1145,1185,624,577,810,396,99,40.3
"Sumter County, Florida",120999,60725,60274,2142,2201,3026,2795,2505,6715,7794,8453,6835,11262,41124,21000,5147,67.0
"Gadsden County, Florida",46017,21785,24232,2699,2907,2914,2433,2936,5589,5976,6266,3036,3647,4489,2237,888,40.7
"Holmes County, Florida",19430,10484,8946,898,1169,1037,1088,1177,2484,2363,2669,1378,1318,2165,1240,444,42.5
"Lee County, Florida",718679,351918,366761,33878,34888,38402,37240,36430,77857,74602,86752,48381,52227,110307,64088,23627,48.1
"Marion County, Florida",348371,167211,181160,17419,17867,18682,17686,17685,37013,34074,41372,24078,23612,54346,33370,11167,48.6
"Collier County, Florida",363922,179336,184586,16696,17191,19112,18503,17710,35059,35867,43314,22936,25255,57288,40319,14672,50.3
"Orange County, Florida",1321194,648446,672748,82019,81450,83255,88442,106036,221344,186537,176464,79201,66182,90452,41714,18098,34.9
"Pasco County, Florida",510593,248572,262021,26529,28372,30628,29072,25880,55862,61830,69626,35034,32996,63556,37490,13718,44.6
"Highlands County, Florida",102101,49727,52374,4835,4612,5231,4569,4807,9689,8984,10261,6473,7108,17349,13314,4869,53.4
"Suwannee County, Florida",43924,22230,21694,2157,2885,3017,2045,2851,5189,5242,5671,3076,2955,5101,2865,870,42.5
"DeSoto County, Florida",36399,20657,15742,1872,2100,1873,2475,2161,5185,4374,4317,1997,2285,4289,2771,700,40.6
"Calhoun County, Florida",14444,8048,6396,656,948,773,904,869,2064,1824,1948,965,833,1531,809,320,40.2
"Columbia County, Florida",69105,35683,33422,4129,4656,3826,4274,4406,8716,8083,8942,4633,5016,7276,3789,1359,40.7
"Dixie County, Florida",16437,9218,7219,733,797,973,897,667,1757,1942,2301,1256,1382,2200,1282,250,47.3
"Putnam County, Florida",72766,35841,36925,4177,4237,4616,3938,3958,8120,7306,9059,5696,5389,9454,5469,1347,45.0
"Union County, Florida",15239,9919,5320,849,809,733,787,850,2467,2234,2136,1130,1033,1501,480,230,39.5
"Manatee County, Florida",373853,180595,193258,18190,20506,19330,19579,18459,38940,38814,46900,26653,27555,53930,32191,12806,48.0
"Levy County, Florida",39961,19364,20597,2012,2422,2119,2248,1989,4256,4076,5108,2958,3372,5550,2842,1009,46.8
"Baker County, Florida",27785,14753,13032,1573,1508,2372,1704,1969,3676,3513,4096,1778,1769,2451,1024,352,37.6
"Volusia County, Florida",527634,257275,270359,25018,25571,26771,29299,31769,60080,55178,68500,40265,39677,69830,38071,17605,46.5
"Leon County, Florida",288102,136894,151208,14957,14656,15211,25901,47346,41665,30835,30364,15926,15541,22377,9317,4006,30.7
"Madison County, Florida",18474,9829,8645,921,1049,933,1139,982,2555,2170,2476,1339,1268,2157,1159,326,42.9
"Escambia County, Florida",311522,154520,157002,18844,17547,18441,21626,26479,44841,33877,37930,21588,19877,29535,15337,5600,37.2
"Hernando County, Florida",182696,87747,94949,8223,8849,10363,9935,8786,18423,18517,23024,13076,13183,27173,16713,6431,48.9
"Hillsborough County, Florida",1378883,673286,705597,87034,87580,87895,88614,92002,208393,186834,187388,85819,77648,112780,54018,22878,36.9
"Wakulla County, Florida",31877,17490,14387,1553,1940,2053,1788,1560,4229,4867,4897,2358,2200,2830,1213,389,40.7
"Gulf County, Florida",16055,9586,6469,781,767,583,801,946,2337,2026,2326,1234,1059,1904,956,335,44.3
"Osceola County, Florida",338619,166820,171799,21663,22899,24243,24138,23131,48852,48678,45306,18926,17595,26423,12186,4579,35.8
"Walton County, Florida",65858,33317,32541,3876,3284,4022,3406,3061,8064,8090,9131,5137,5003,8084,3674,1026,43.7
"Jefferson County, Florida",14105,7507,6598,611,746,574,517,747,1664,1844,2035,959,1307,1975,842,284,47.2
"Hardee County, Florida",27228,14705,12523,1765,2078,2113,1973,1976,3672,3226,3333,1477,1409,2366,1382,458,35.1
"Okeechobee County, Florida",40572,21866,18706,2382,2295,2536,2586,2489,5014,5086,5199,2456,2736,4213,2609,971,41.1
"Gilchrist County, Florida",17615,9249,8366,851,773,1111,1507,1483,1782,1829,2270,1382,1110,2028,1060,429,42.5
"Alachua County, Florida",263148,127298,135850,14162,13836,11817,22826,41246,40672,27916,26637,14640,14592,20853,9437,4514,31.3
"Charlotte County, Florida",176954,86278,90676,5386,5770,6632,6878,7068,13070,13282,19905,14764,15153,37174,22535,9337,58.6
"Martin County, Florida",157581,78002,79579,6439,6168,8600,8009,7055,14248,14823,20515,11861,12452,23548,15957,7906,51.9
"Sarasota County, Florida",412144,196433,215711,14882,16656,17191,18040,17292,34562,35586,48449,30382,33263,74199,49300,22342,55.5
"Citrus County, Florida",143087,69376,73711,5454,5233,6652,6350,5753,11280,11475,16471,11412,11649,28067,17032,6259,56.2
"Santa Rosa County, Florida",170442,87175,83267,9728,10196,11101,10908,10022,22904,22169,24525,12214,10482,15955,8101,2137,39.7
"Broward County, Florida",1909151,929712,979439,111571,109519,116309,112757,114287,257952,255231,278165,133090,116289,168797,90807,44377,40.1
"Monroe County, Florida",76325,39822,36503,3550,2952,3185,3417,3621,9298,9553,11577,6463,6446,10193,4694,1376,47.3
"Jersey County, Illinois",22069,10841,11228,1032,1069,1623,1640,1446,2372,2467,3072,1644,1595,2269,1284,556,42.7
"Putnam County, Illinois",5746,2959,2787,242,326,341,329,282,608,584,815,469,477,753,362,158,47.9
"De Witt County, Illinois",16042,8015,8027,874,939,1029,978,818,1811,1945,2226,1261,1218,1650,865,428,43.1
"Fayette County, Illinois",21724,11580,10144,1176,1124,1398,1249,1436,2765,2653,2919,1753,1271,2142,1323,515,41.5
"Lee County, Illinois",34527,18326,16201,1742,2181,1703,1900,2034,4177,4276,4905,2799,2426,3504,2053,827,43.4
"Logan County, Illinois",29207,14183,15024,1565,1372,1652,1993,2180,3821,3703,3727,2119,1918,2708,1368,1081,40.4
"Macoupin County, Illinois",45719,22602,23117,2272,2658,3071,2849,2526,5025,5413,6183,3403,3563,4843,2639,1274,43.6
"Richland County, Illinois",15881,7809,8072,1057,921,1047,911,845,1816,1822,2045,1316,963,1551,1080,507,41.9
"Saline County, Illinois",24231,11962,12269,1472,1224,1597,1473,1349,2995,2689,3239,1646,1764,2666,1393,724,42.0
"Washington County, Illinois",14155,7108,7047,768,919,824,802,699,1634,1655,1926,1228,969,1435,883,413,43.4
"Montgomery County, Illinois",29009,15145,13864,1441,1747,1548,1569,1716,3618,3487,3985,2327,1882,2917,1938,834,43.1
"Whiteside County, Illinois",56396,27799,28597,3213,3426,3697,3609,3156,5966,6456,7327,4150,4163,6058,3402,1773,43.2
"Adams County, Illinois",66427,32481,33946,4120,4369,4143,3768,3853,8242,7454,8434,4862,4213,6706,4367,1896,41.3
"Clinton County, Illinois",37628,19551,18077,2076,2031,2469,2171,2200,5119,4727,5414,2818,2493,3303,1979,828,40.2
"DeKalb County, Illinois",104200,51580,52620,6025,5863,6855,9198,14896,14362,11652,11656,6220,5072,7132,3536,1733,31.0
"Edwards County, Illinois",6507,3231,3276,374,404,449,391,351,650,759,845,504,447,728,395,210,43.3
"Jasper County, Illinois",9598,4809,4789,583,650,604,553,499,1042,1079,1345,771,678,965,541,288,42.8
"Jefferson County, Illinois",38169,19567,18602,2392,2535,2105,2155,2315,4732,4663,5141,2554,2603,3968,2221,785,41.0
"Will County, Illinois",688697,341816,346881,41129,47526,54724,52458,44598,80263,95837,105054,45491,37967,51064,23314,9272,37.6
"Williamson County, Illinois",67299,33607,33692,3986,3885,4491,3608,3802,8670,8651,8869,4705,4446,7022,3785,1379,40.9
"Douglas County, Illinois",19714,9748,9966,1325,1221,1540,1311,1182,2397,2383,2283,1410,1251,1784,1153,474,37.9
"Fulton County, Illinois",35418,18496,16922,1723,1909,2116,2029,2053,4203,4578,4793,2484,2591,3758,1938,1243,43.0
"Greene County, Illinois",13218,6668,6550,660,883,720,791,765,1526,1577,1863,1090,859,1332,771,381,42.9
"Hardin County, Illinois",4009,1976,2033,131,159,246,273,218,355,574,616,267,318,577,162,113,46.2
"Henry County, Illinois",49464,24536,24928,2741,2990,3321,3200,2581,5281,5859,6451,3838,3363,5476,3017,1346,43.1
"Knox County, Illinois",50999,25743,25256,2750,2558,3066,3426,3666,5708,5801,6371,3471,3803,5701,3275,1403,42.1
"Lake County, Illinois",703619,351343,352276,41245,46814,53083,54971,50498,77870,89060,103477,50948,42584,55222,25780,12067,38.2
"Massac County, Illinois",14430,6794,7636,762,1210,760,731,729,1545,1759,1865,970,1059,1619,1087,334,43.8
"Scott County, Illinois",5047,2460,2587,245,292,374,315,262,496,596,723,437,330,496,368,113,44.1
"Cass County, Illinois",12665,6353,6312,820,990,729,811,698,1569,1563,1672,997,697,1101,747,271,39.7
"LaSalle County, Illinois",110401,55400,55001,6126,6278,7131,6870,6583,13459,12871,14856,8461,7807,10688,6123,3148,41.8
"Hancock County, Illinois",18112,9008,9104,964,1039,1103,1030,936,1842,1924,2395,1354,1459,2179,1270,617,46.0
"Grundy County, Illinois",50509,25241,25268,3142,3813,3645,3421,2933,6408,7061,7084,3673,2632,3955,1980,762,37.6
"Kankakee County, Illinois",111061,54615,56446,6620,7211,7433,8489,8489,13385,13198,14203,7709,6715,9911,5150,2548,37.6
"DuPage County, Illinois",931743,457178,474565,55318,59578,61211,62132,58606,118415,120006,132848,68587,60313,79557,37630,17542,39.1
"Sangamon County, Illinois",197661,94876,102785,11423,12748,12571,12375,11878,25256,24163,26425,14645,13200,19035,9639,4303,40.0
"Menard County, Illinois",12367,6043,6324,668,822,762,728,629,1275,1504,1738,1041,872,1331,725,272,42.9
"Cook County, Illinois",5223719,2534640,2689079,327844,317203,322294,318152,351197,853319,704675,668857,333851,301597,409962,217767,97001,36.6
"Ogle County, Illinois",51328,25614,25714,2799,2990,3689,3329,2887,5683,6069,7399,3949,3402,5174,2567,1391,42.4
"Morgan County, Illinois",34426,17298,17128,1775,1784,1900,2275,2691,4292,3989,4322,2410,2336,3646,1917,1089,41.5
"Stephenson County, Illinois",45433,21986,23447,2513,3134,2459,2562,2785,4430,4794,6067,3275,3677,5156,3077,1504,45.1
"White County, Illinois",14025,6882,7143,810,936,811,775,699,1597,1523,1788,1155,911,1535,952,533,44.1
"Woodford County, Illinois",38817,19343,19474,2384,2577,2911,2704,2266,4081,4651,5161,2800,2721,3502,1926,1133,40.0
"Henderson County, Illinois",6884,3369,3515,330,321,367,380,359,645,649,950,683,503,924,587,186,49.7
"McHenry County, Illinois",307789,153382,154407,16959,20335,22545,22431,18610,33815,39538,49094,23853,19163,25771,10858,4817,40.2
"McLean County, Illinois",173219,84245,88974,10427,11029,9990,14795,21923,22902,20792,20465,10072,9601,12214,5816,3193,32.9
"Perry County, Illinois",21384,11767,9617,1117,968,1278,1161,1520,2810,2844,2944,1486,1401,2200,1042,613,41.7
"Pike County, Illinois",15754,7815,7939,961,1047,937,911,892,1797,1727,2035,1244,1009,1648,1054,492,42.3
"Rock Island County, Illinois",145275,71596,73679,9181,8928,9059,9195,8969,18127,17163,17819,10508,9697,14754,8338,3537,40.1
"St. Clair County, Illinois",263463,127237,136226,16721,17759,17237,16878,16729,34666,33220,35299,18242,17839,21969,11986,4918,38.3
"Wabash County, Illinois",11573,5666,5907,731,638,805,595,656,1317,1298,1467,929,843,1186,738,370,43.6
"Calhoun County, Illinois",4858,2435,2423,254,217,369,331,188,453,511,678,387,357,593,404,116,46.7
"Cumberland County, Illinois",10865,5455,5410,667,627,783,624,542,1260,1276,1420,891,733,1139,624,279,42.6
"Jo Daviess County, Illinois",21834,10956,10878,923,1122,1335,1220,1012,1917,2255,2740,1567,1978,3350,1753,662,49.7
"Kane County, Illinois",530839,264211,266628,34620,38458,41207,39340,33704,64192,72293,75567,34839,29601,40562,18715,7741,37.0
"Lawrence County, Illinois",16189,8919,7270,840,901,876,810,1058,2350,2255,2187,1163,978,1455,951,365,41.0
"Brown County, Illinois",6675,4238,2437,275,302,320,278,506,1153,1103,966,504,319,508,287,154,39.0
"Marshall County, Illinois",11794,5874,5920,651,547,755,664,654,1167,1268,1565,933,911,1428,798,453,46.3
"Iroquois County, Illinois",28169,13751,14418,1488,1653,1815,1794,1502,2898,3141,3733,2043,2209,3133,1925,835,44.5
"Christian County, Illinois",33231,16818,16413,1707,2041,1881,1917,1899,3887,4090,4640,2712,2122,3318,1987,1030,43.2
"Clay County, Illinois",13338,6586,6752,756,854,842,759,777,1442,1501,1737,1038,1000,1449,814,369,42.7
"Gallatin County, Illinois",5157,2472,2685,264,285,343,249,268,540,610,660,375,353,693,405,112,45.3
"Jackson County, Illinois",58551,28989,29562,3018,2832,2952,5837,8594,8577,5807,5888,3444,3247,4752,2456,1147,31.6
"Monroe County, Illinois",33936,16691,17245,1808,1851,2591,2145,1671,3625,4287,5064,3010,2208,3067,1833,776,42.6
"Peoria County, Illinois",184463,89387,95076,12802,12011,12037,11739,12224,25671,22206,22517,11873,11946,16682,8570,4185,37.2
"Union County, Illinois",17127,8592,8535,907,964,1110,922,856,2063,2016,2287,1411,1172,1893,1098,428,43.7
"Winnebago County, Illinois",286174,139748,146426,17976,18416,19374,18446,17533,35563,34184,38383,19588,19285,27170,13678,6578,39.6
"Piatt County, Illinois",16427,8080,8347,957,1106,970,1004,798,1785,1995,2207,1470,1032,1753,1050,300,43.0
"Pulaski County, Illinois",5611,2747,2864,313,251,436,401,226,645,564,685,472,427,700,356,135,44.1
"Schuyler County, Illinois",7064,3701,3363,300,322,460,400,332,750,888,1041,582,484,820,488,197,45.8
"Stark County, Illinois",5500,2716,2784,310,326,317,357,296,517,619,726,468,380,635,376,173,45.1
"Edgar County, Illinois",17539,8617,8922,903,931,1149,1003,908,1911,2093,2264,1381,1313,2024,1079,580,44.6
"Bond County, Illinois",16712,8587,8125,770,910,880,1168,1161,1993,2178,2297,1240,1196,1584,911,424,41.3
"Boone County, Illinois",53606,26830,26776,3062,3331,4577,4481,3228,5678,6773,7912,3625,3011,4829,2263,836,38.4
"Bureau County, Illinois",33381,16437,16944,1741,1897,2278,2019,1875,3515,3701,4444,2439,2449,3727,2404,892,44.0
"Carroll County, Illinois",14562,7229,7333,770,668,869,812,771,1447,1525,1816,1172,1168,2006,1174,364,47.9
"Coles County, Illinois",51736,24999,26737,2430,2577,2826,4187,6713,6981,5438,5685,3425,3139,4560,2530,1245,35.2
"Crawford County, Illinois",19088,9910,9178,1026,968,1129,1057,1107,2562,2397,2586,1355,1389,1897,1122,493,42.0
"Vermilion County, Illinois",78407,38967,39440,5142,5216,5152,4966,4621,9354,8919,9807,5857,4997,8059,4551,1766,40.3
"Clark County, Illinois",15836,7824,8012,927,1042,987,1032,859,1745,1787,2160,1268,1010,1629,907,483,43.0
"Effingham County, Illinois",34174,16971,17203,2234,2071,2410,2120,2062,4486,3879,4376,2336,2444,3091,1793,872,39.1
"Hamilton County, Illinois",8221,4018,4203,466,516,534,500,367,891,916,1028,625,653,920,553,252,44.1
"Johnson County, Illinois",12602,7015,5587,603,717,580,697,776,1635,1538,1747,1018,719,1511,757,304,43.2
"Livingston County, Illinois",36324,18614,17710,1979,2074,2243,2311,2197,4411,4118,5022,2747,2560,3572,1906,1184,42.0
"Tazewell County, Illinois",133852,65987,67865,8005,8828,8635,8071,6890,16405,17274,17537,9278,9066,13069,7244,3550,40.9
"Warren County, Illinois",17338,8353,8985,1080,1039,1042,1516,1354,1754,2064,1970,1351,988,1754,1079,347,39.3
"Madison County, Illinois",265670,129718,135952,15516,16234,16822,16289,15891,35938,32208,35683,19378,17964,24316,13264,6167,40.1
"Mercer County, Illinois",15693,7798,7895,784,1018,930,981,783,1552,1831,2188,1303,1052,1807,1042,422,44.8
"Alexander County, Illinois",6532,3104,3428,460,398,553,352,225,737,664,799,548,468,823,382,123,42.8
"Randolph County, Illinois",32546,18019,14527,1626,1775,1788,1761,1873,4490,4214,4493,2308,2370,3123,1759,966,42.0
"Macon County, Illinois",106512,51062,55450,6553,6492,6674,6792,6771,12624,12164,13027,7508,7728,11060,6494,2625,41.3
"Wayne County, Illinois",16487,8141,8346,1033,883,1201,945,866,1850,1827,2080,1213,1155,1869,1023,542,43.3
"Franklin County, Illinois",39127,19285,19842,2275,2589,2270,2333,2065,4521,4681,5170,2865,2602,4357,2482,917,42.3
"McDonough County, Illinois",30875,15009,15866,1337,1325,1655,3265,4892,3681,2867,3076,1769,1888,2817,1524,779,32.1
"Moultrie County, Illinois",14703,7172,7531,996,1016,1064,946,791,1705,1688,1830,1037,922,1446,842,420,40.3
"Pope County, Illinois",4249,2349,1900,173,146,204,132,173,327,408,620,351,475,651,383,206,53.7
"Shelby County, Illinois",21832,10791,11041,1179,1263,1330,1324,1138,2341,2398,2938,1622,1615,2580,1364,740,44.8
"Champaign County, Illinois",209448,104513,104935,11603,10611,10676,21476,33845,30799,22536,20674,10965,11235,14213,7333,3482,29.9
"Ford County, Illinois",13398,6616,6782,735,995,707,908,715,1460,1560,1743,1047,1033,1232,727,536,43.0
"Kendall County, Illinois",124626,61761,62865,8881,11024,10401,9227,6959,15938,20347,17669,7066,5212,7620,3041,1241,34.9
"Marion County, Illinois",38084,18726,19358,2399,2636,2272,2172,2228,4546,4221,4869,2824,2656,3986,2166,1109,42.1
"Mason County, Illinois",13778,6838,6940,679,737,882,848,683,1410,1589,1881,1194,883,1646,891,455,45.3
