,county_state,total_cases,total_fatalities,death_rate,total_tests,race_pop,race_pop_hispanic_or_latino_of_any_race,race_pop_white_alone,race_pop_black_or_african_american_alone,race_pop_american_indian_and_alaska_native_alone,race_pop_asian_alone,race_pop_native_hawaiian_and_other_pacific_islander_alone,race_pop_some_other_race_alone,race_pop_two_or_more_races,sex_age_pop,sex_age_pop_male,sex_age_pop_female,sex_age_pop_under_5,sex_age_pop_5_to_9,sex_age_pop_10_to_14,sex_age_pop_15_to_19,sex_age_pop_20_to_24,sex_age_pop_25_to_34,sex_age_pop_35_to_44,sex_age_pop_45_to_54,sex_age_pop_55_to_59,sex_age_pop_60_to_64,sex_age_pop_65_to_74,sex_age_pop_75_to_84,sex_age_pop_85_and_over,sex_age_median_age_in_years,sq_mi,obes_percent,health_ins_noninst_pop,health_ins_noninst_pop_cov_yes,health_ins_noninst_pop_private,health_ins_noninst_pop_public,health_ins_noninst_pop_cov_no,inc_hhlds,inc_hhlds_less_than_10_000,inc_hhlds_10_000_to_14_999,inc_hhlds_15_000_to_24_999,inc_hhlds_25_000_to_34_999,inc_hhlds_35_000_to_49_999,inc_hhlds_50_000_to_74_999,inc_hhlds_75_000_to_99_999,inc_hhlds_100_000_to_149_999,inc_hhlds_150_000_to_199_999,inc_hhlds_200_000_or_more,inc_med_hhld_inc_dol,inc_mean_hhld_inc_dol,inc_per_capita_inc_dol,inc_med_earn_male_full_yr_workers_dol,inc_med_earn_female_full_yr_workers_dol,deaths_per_100_cases,cases_per_100_people,tests_per_100_people,pop_density,covid_severity,inc_hhlds_less_than_25_000,inc_hhlds_25_000_to_49_999,inc_hhlds_less_than_99_999,inc_hhlds_100_000_or_more,inc_hhlds_less_than_49_999,inc_hhlds_50_000_to_99_999,race_pop_other,race_pop_minority,sex_age_pop_0_to_44,sex_age_pop_45_to_74,sex_age_pop_75_and_over,sex_age_pop_0_to_64,sex_age_pop_65_and_over,sex_age_pop_0_to_35,sex_age_pop_35_to_59,sex_age_pop_60_to_84,percent_race_pop_hispanic_or_latino_of_any_race,percent_race_pop_white_alone,percent_race_pop_black_or_african_american_alone,percent_race_pop_american_indian_and_alaska_native_alone,percent_race_pop_asian_alone,percent_race_pop_native_hawaiian_and_other_pacific_islander_alone,percent_race_pop_some_other_race_alone,percent_race_pop_two_or_more_races,percent_sex_age_pop_male,percent_sex_age_pop_female,percent_sex_age_pop_under_5,percent_sex_age_pop_5_to_9,percent_sex_age_pop_10_to_14,percent_sex_age_pop_15_to_19,percent_sex_age_pop_20_to_24,percent_sex_age_pop_25_to_34,percent_sex_age_pop_35_to_44,percent_sex_age_pop_45_to_54,percent_sex_age_pop_55_to_59,percent_sex_age_pop_60_to_64,percent_sex_age_pop_65_to_74,percent_sex_age_pop_75_to_84,percent_sex_age_pop_85_and_over,percent_health_ins_noninst_pop_cov_yes,percent_health_ins_noninst_pop_cov_no,percent_inc_hhlds_less_than_10_000,percent_inc_hhlds_10_000_to_14_999,percent_inc_hhlds_15_000_to_24_999,percent_inc_hhlds_25_000_to_34_999,percent_inc_hhlds_35_000_to_49_999,percent_inc_hhlds_50_000_to_74_999,percent_inc_hhlds_75_000_to_99_999,percent_inc_hhlds_100_000_to_149_999,percent_inc_hhlds_150_000_to_199_999,percent_inc_hhlds_200_000_or_more,percent_inc_hhlds_less_than_25_000,percent_inc_hhlds_25_000_to_49_999,percent_inc_hhlds_less_than_99_999,percent_inc_hhlds_100_000_or_more,percent_inc_hhlds_less_than_49_999,percent_inc_hhlds_50_000_to_99_999,percent_race_pop_other,percent_race_pop_minority,percent_sex_age_pop_0_to_44,percent_sex_age_pop_45_to_74,percent_sex_age_pop_75_and_over,percent_sex_age_pop_0_to_64,percent_sex_age_pop_65_and_over,percent_sex_age_pop_0_to_35,percent_sex_age_pop_35_to_59,percent_sex_age_pop_60_to_84,county
0,"Alameda County, California",23099.0,460.0,0.019914282003549937,613097,1643700,369061,523391,172329,5288,483067,13192,4977,72395,1643700,807171,836529,97506,96428,95792,93865,103705,271867,244557,224507,106455,93101,126820,60948,28149,37.4,737.3,0.067,1634128,1550217,1198843,497191,83911,572870,24255,21621,33723,33965,47322,76730,66253,104464,67134,97403,92574,122575,44283,72088,60135,1.9914282003549937,1.4053051043377744,37.299811401107256,2229.3503322935035,1,79599,81287,303869,171598,160886,142983,95852,1120309,1003720,550883,89097,1427783,215917,759163,575519,280869,0.22453063211048244,0.3184224615197421,0.1048421244752692,0.0032171320800632717,0.2938900042586847,0.008025795461458903,0.003027924803796313,0.04404392529050313,0.4910695382369045,0.5089304617630954,0.05932104398612885,0.05866520654620672,0.05827827462432316,0.057105919571698,0.06309241345744357,0.16539940378414553,0.14878444971710167,0.1365863600413701,0.06476546815112247,0.05664111455861776,0.07715519863722091,0.03707975908012411,0.017125387844497172,0.9486509012757874,0.05134909872421255,0.04233944874055196,0.03774154694782411,0.0588667586014279,0.059289193010630674,0.08260512856319932,0.13393963726499905,0.11565102030129,0.1823520170370241,0.117188891022396,0.17002635851065687,0.13894775428980394,0.14189432157382995,0.530432733429923,0.2995409080594201,0.28084207586363397,0.24959065756628904,0.05831477763582162,0.6815775384802579,0.6106467116870475,0.3351481413883312,0.05420514692462128,0.8686396544381578,0.13136034556184215,0.4618622619699458,0.35013627790959423,0.17087607227596274,Alameda
1,"Alpine County, California",3.0,0.0,0.0,371,1146,105,678,9,294,8,0,0,52,1146,612,534,39,58,79,114,72,91,140,83,68,109,192,66,35,44.3,738.34,0.046,1146,1028,551,605,118,299,11,20,22,32,37,51,27,51,26,22,64688,92738,29041,51250,31364,0.0,0.2617801047120419,32.37347294938918,1.5521304548040198,1,53,69,200,77,122,78,346,468,593,452,101,853,293,453,291,367,0.09162303664921466,0.5916230366492147,0.007853403141361256,0.25654450261780104,0.006980802792321117,0.0,0.0,0.045375218150087264,0.5340314136125655,0.4659685863874346,0.03403141361256545,0.0506108202443281,0.06893542757417102,0.09947643979057592,0.06282722513089005,0.07940663176265271,0.12216404886561955,0.07242582897033159,0.0593368237347295,0.0951134380453752,0.16753926701570682,0.05759162303664921,0.030541012216404886,0.8970331588132635,0.10296684118673648,0.03678929765886288,0.06688963210702341,0.07357859531772576,0.10702341137123746,0.12374581939799333,0.1705685618729097,0.0903010033444816,0.1705685618729097,0.08695652173913042,0.07357859531772576,0.17725752508361206,0.2307692307692308,0.6688963210702341,0.2575250836120401,0.4080267558528428,0.2608695652173913,0.3019197207678883,0.4083769633507853,0.5174520069808028,0.3944153577661431,0.0881326352530541,0.7443280977312391,0.2556719022687609,0.3952879581151833,0.25392670157068065,0.32024432809773123,Alpine
2,"Amador County, California",328.0,16.0,0.04878048780487805,12203,37829,5132,29763,749,270,466,69,10,1370,37829,20302,17527,1534,1540,1727,1978,1530,3744,4329,5105,3003,3387,6144,2555,1253,50.5,594.572,0.142,34174,32725,23231,17120,1449,14090,593,550,1479,1576,1713,2760,1948,2155,591,725,61198,78014,30100,51994,43642,4.878048780487805,0.8670596632213381,32.258320336249966,63.62391770887294,1,2622,3289,10619,2746,5911,4708,1719,8066,16382,17639,3808,27877,9952,12053,12437,12086,0.1356631155991435,0.7867773401358746,0.019799624626609214,0.007137381374078088,0.01231859155674218,0.0018239974622644003,0.00026434745829918843,0.03621560178698882,0.5366782098390124,0.4633217901609876,0.04055090010309551,0.040709508578075024,0.04565280604826984,0.052287927251579484,0.040445161119775835,0.09897168838721616,0.11443601469771868,0.13494937746173571,0.07938354172724629,0.08953448412593512,0.1624150783790214,0.06754077559544265,0.03312273652488831,0.95759934453093,0.042400655469070056,0.042086586231369766,0.039034776437189486,0.1049680624556423,0.11185237757274663,0.12157558552164655,0.1958836053938964,0.1382540809084457,0.15294535131298795,0.041944641589779987,0.051454932576295236,0.1860894251242016,0.2334279630943932,0.7536550745209368,0.194889992902768,0.4195173882185947,0.3341376863023421,0.0454413280816305,0.21322265986412545,0.4330540061857305,0.4662824816939385,0.10066351212033096,0.7369214095006477,0.26307859049935234,0.31861799148801184,0.3287689338867007,0.3194903381003992,Amador
3,"Butte County, California",3078.0,52.0,0.016894087069525658,68116,227075,36358,164390,3303,1738,9900,341,406,10639,227075,112513,114562,12523,13858,11572,15615,25617,28693,24065,25068,15004,14841,23163,11730,5326,37.1,1636.47,0.09300000000000001,224510,207949,135747,105345,16561,86797,6590,6413,10660,8764,12152,14353,9407,10558,4115,3785,48443,69621,27537,50252,40722,1.6894087069525658,1.3554992843774083,29.99713750963339,138.75903621820135,1,23663,20916,68339,14673,44579,23760,13124,62685,131943,78076,17056,186856,40219,107878,64137,49734,0.16011449961466476,0.7239458328746009,0.014545854893757568,0.0076538588572057685,0.04359793019927337,0.0015017064846416382,0.001787955521303534,0.04685236155455246,0.4954882747990752,0.5045117252009248,0.05514917978641418,0.0610282946163162,0.05096113618848398,0.0687658262688539,0.11281294726411978,0.12635913244522734,0.10597820103490037,0.11039524386216007,0.06607508532423208,0.0653572608169107,0.1020059451722999,0.05165694153913905,0.02345480568094242,0.92623491158523,0.07376508841476995,0.07592428309734207,0.07388504210975033,0.12281530467642893,0.10097123172459878,0.1400048388769197,0.16536285816330054,0.10837932186596312,0.12164014885307095,0.04740947267762712,0.043607497954998437,0.2726246298835213,0.2409760706015185,0.7873428805143035,0.16904962153069805,0.5136007004850398,0.2737421800292637,0.0577958824177034,0.2760541671253991,0.5810547176043157,0.3438335351756028,0.07511174722008147,0.8228823076076186,0.17711769239238134,0.4750765165694154,0.2824485302212925,0.21902014752834967,Butte
4,"Calaveras County, California",274.0,18.0,0.06569343065693431,10811,45235,5297,36905,299,374,568,126,52,1614,45235,22434,22801,1936,2398,1926,2319,2054,3929,4212,5878,3966,4403,7469,3517,1228,52.1,1020.0160000000001,0.07400000000000001,44842,42509,29289,22096,2333,17417,753,792,1681,1800,2475,2918,2241,2558,1375,824,58151,79782,32494,60251,42342,6.569343065693432,0.6057256549132308,23.89963523820052,44.34734357108124,1,3226,4275,12660,3933,7501,5159,2166,8330,18774,21716,4745,33021,12214,14562,14056,15389,0.11709959102464905,0.8158505581960871,0.006609925942301315,0.008267934121808334,0.012556648612799823,0.002785453741571792,0.0011495523377915331,0.03568033602299105,0.4959434066541395,0.5040565933458605,0.04279871780700785,0.05301204819277108,0.04257765004974025,0.05126561291035702,0.04540731734276556,0.08685752183044103,0.09311373936111418,0.12994362772189674,0.08767547253233116,0.0973361335249254,0.1651155079031723,0.0777495302310158,0.02714712059246159,0.947972882565452,0.05202711743454797,0.043233622323017744,0.04547281391743699,0.09651489923637824,0.10334730435781134,0.14210254349199058,0.1675374633978297,0.1286673939254751,0.14686800252626744,0.07894585749555033,0.047310099328242525,0.18522133547683292,0.2454498478498019,0.7268760406499397,0.2258138600218177,0.4306711833266349,0.2962048573233048,0.04788327622416271,0.1841494418039129,0.41503260749419696,0.4800707416823256,0.1048966508234774,0.7299878412733503,0.2700121587266497,0.3219188681330828,0.3107328396153421,0.3402011716591135,Calaveras
5,"Colusa County, California",548.0,6.0,0.010948905109489052,5629,21464,12655,7672,277,159,324,53,30,294,21464,11124,10340,1589,1708,1639,1538,1356,2878,2523,2641,1494,1132,1768,860,338,35.1,1150.713,0.147,21297,19094,11301,10046,2203,7113,252,363,890,735,984,1346,1073,781,398,291,56704,82313,27336,41323,32389,1.094890510948905,2.5531121878494223,26.225307491613865,18.65278310056461,2,1505,1719,5643,1179,3224,2419,536,13792,13231,7035,1198,18498,2966,10708,6658,3760,0.5895918747670518,0.35743570629891913,0.012905329854640327,0.007407752515840476,0.015095042862467387,0.0024692508386134925,0.0013976891539321653,0.013697353708535222,0.5182631382780469,0.4817368617219529,0.07403093551994036,0.07957510249720462,0.07636041744316065,0.07165486395825567,0.06317554975773387,0.1340849795005591,0.11754565784569512,0.12304323518449495,0.06960491986582185,0.05273947074170705,0.08237048080506895,0.040067089079388746,0.015747297800969066,0.8965582006855426,0.10344179931445743,0.035428089413749475,0.051033319274567696,0.1251230141993533,0.10333192745676928,0.13833825390130747,0.1892309855194714,0.1508505553212428,0.1097989596513426,0.05595388724869956,0.04091100801349642,0.2115844228876705,0.2416701813580768,0.7933361450864614,0.1657528469000422,0.4532546042457472,0.3400815408407142,0.02497204621692136,0.6425642937010809,0.6164275065225494,0.3277581065970928,0.05581438688035782,0.8618151323145732,0.13818486768542676,0.4988818486768543,0.31019381289601194,0.17517704062616474,Colusa
6,"Contra Costa County, California",18567.0,241.0,0.012980018312059027,410878,1133247,288101,502951,93683,2376,182135,5251,3829,54921,1133247,553701,579546,65505,73025,76328,72857,68013,143793,151683,164203,78858,69200,99537,48565,21680,39.4,717.082,0.075,1128003,1063814,840658,355628,64189,392277,13870,11757,21416,22514,34834,54684,48475,74344,43088,67295,93712,128079,45524,75187,59757,1.2980018312059027,1.6383895126128725,36.25670308414671,1580.3590105455164,1,47043,57348,207550,117432,104391,103159,66377,630296,651204,411798,70245,963465,169782,499521,394744,217302,0.2542261307552546,0.4438141023095583,0.08266776792702739,0.002096630302131839,0.16071959599275354,0.004633588264517797,0.003378786795817681,0.04846339765293885,0.4885969254716757,0.5114030745283243,0.0578029326351625,0.06443873224460334,0.0673533660358245,0.06429048565758391,0.060016042398523886,0.1268858421862136,0.1338481372551615,0.14489603766875184,0.06958588904272414,0.06106347512942896,0.0878334555485256,0.04285473511070402,0.0191308690867922,0.9430950094990882,0.05690499050091179,0.03535766817835356,0.02997116833258132,0.05459407510509155,0.0573931176184176,0.08879949627431638,0.1394014943522052,0.12357339329096532,0.1895191408112125,0.10984075028614984,0.17154969575070678,0.11992291161602645,0.14619261389273394,0.5290904131519311,0.29935989109736233,0.2661155255087604,0.2629748876431705,0.05857240301540618,0.5561858976904417,0.5746355384130732,0.36337885738943054,0.06198560419749623,0.8501809402539782,0.14981905974602186,0.44078740115791176,0.34833006396663746,0.1917516657886586,Contra Costa
7,"Del Norte County, California",171.0,1.0,0.005847953216374269,13822,27424,5340,17172,758,1841,937,17,128,1231,27424,14575,12849,1584,1547,1849,1533,1474,4081,3448,3370,2151,1802,2808,1166,611,38.6,1006.2280000000001,0.158,24362,22829,13021,13596,1533,9799,879,829,1290,1115,1003,2012,1140,934,281,316,45258,61652,22832,45356,40332,0.5847953216374269,0.6235414235705952,50.401108518086346,27.254260465818877,1,2998,2118,8268,1215,5116,3152,3217,10252,15516,10131,1777,22839,4585,12068,8969,5776,0.19471995332555425,0.6261668611435239,0.027640023337222867,0.06713098016336055,0.0341671528588098,0.0006198949824970829,0.004667444574095682,0.04488768961493583,0.5314687864644108,0.4685312135355893,0.057759626604434074,0.056410443407234535,0.06742269544924154,0.05589994165694282,0.05374854142357058,0.14881126021003502,0.12572928821470244,0.12288506417736288,0.07843494749124855,0.06570886814469078,0.10239206534422404,0.04251750291715286,0.022279754959159855,0.9370741318446758,0.06292586815532386,0.08970303092152261,0.0846004694356567,0.13164608633534033,0.11378712113480967,0.10235738340647003,0.205327074191244,0.11633840187774262,0.0953158485559751,0.02867639555056638,0.03224818859067252,0.30594958669251965,0.21614450454127973,0.843759567302786,0.12399224410654147,0.5220940912337994,0.32166547606898666,0.11730600933488915,0.3738331388564761,0.5657817969661609,0.3694209451575263,0.06479725787631271,0.8328106767794633,0.16718932322053676,0.44005250875145857,0.3270492998833139,0.21061843640606767,Del Norte
8,"El Dorado County, California",1317.0,4.0,0.0030372057706909645,50633,186661,23631,145990,1432,939,8237,396,184,5852,186661,93040,93621,8672,10025,11954,11579,9715,18743,20562,26817,16226,15617,22676,10245,3830,45.8,1707.842,0.059000000000000004,185338,175682,139840,67750,9656,69172,2593,2436,5100,4889,6834,10639,8942,12881,6287,8571,80582,104895,40382,72312,53876,0.30372057706909644,0.7055571329843942,27.125644885648324,109.29641032367162,1,10129,11723,41433,19168,21852,19581,7371,40671,91250,81336,14075,149910,36751,70688,63605,48538,0.12659848602546864,0.7821130284312202,0.007671661461151499,0.0050305098547634465,0.04412812531809002,0.0021214929738938505,0.000985744210092092,0.031350951725320236,0.4984437027552622,0.5015562972447378,0.046458553206079466,0.053706987533550125,0.0640412298230482,0.0620322402644366,0.052046222831764535,0.10041197679215262,0.11015691547779127,0.1436668613154328,0.08692763887475155,0.08366503983156631,0.12148225928287107,0.05488559474126893,0.020518480025286483,0.9479005924311258,0.05209940756887416,0.037486266119239,0.03521656161452611,0.0737292546116926,0.0706788874110912,0.09879720117966807,0.15380500780662695,0.12927195975250105,0.18621696640259064,0.09088937720464928,0.12390851789741515,0.1464320823454577,0.16947608859075927,0.598985138495345,0.2771063436072399,0.315908170936217,0.283076967559128,0.039488698764069616,0.21788697156877976,0.4888541259288228,0.43574179930462176,0.07540407476655543,0.8031136659505735,0.1968863340494265,0.3786972104510316,0.3407514156679756,0.2600328938557063,El Dorado
9,"Fresno County, California",30752.0,436.0,0.014177939646201876,353760,978130,515907,291455,44474,4458,97991,1104,1864,20877,978130,487936,490194,78636,78627,78151,71970,74241,148512,120605,111792,53835,47323,66238,32360,15840,32.0,5958.099,0.096,966908,874873,500245,471275,92035,304624,21380,19989,35375,33605,38742,53091,35192,38001,15704,13545,51261,71663,23284,43618,39089,1.4177939646201876,3.1439583695418807,36.16697167043236,164.1681348362959,3,76744,72347,237374,53705,149091,88283,28303,686675,650742,279188,48200,863692,114438,530137,286232,145921,0.5274421600400765,0.29797163976158586,0.045468393771789024,0.004557676382484946,0.10018197990042224,0.0011286843262143073,0.001905677159477779,0.02134378865794936,0.4988457566990073,0.5011542433009927,0.0803942216269821,0.08038502039606188,0.07989837751628108,0.07357917659206854,0.07590095386093873,0.15183257849161155,0.12330160612597507,0.1142915563370922,0.055038696287814506,0.04838109453753591,0.06771901485487614,0.03308353695316574,0.016194166419596576,0.9048151427023048,0.09518485729769534,0.07018488365985609,0.06561859866589632,0.11612676611166553,0.11031632438678501,0.12717973633068966,0.17428370712747518,0.11552602552655075,0.12474722937129053,0.05155207731498503,0.044464651504805934,0.251930248437418,0.23749606071747464,0.7792360418089186,0.17629930668627555,0.4894263091548926,0.28980973265402593,0.02893582652612638,0.7020283602384141,0.665291934609919,0.28543036201731875,0.04927770337276231,0.8830032817723615,0.11699671822763845,0.5419903284839439,0.29263185875088177,0.1491836463455778,Fresno
10,"Glenn County, California",650.0,3.0,0.004615384615384616,8311,27897,11504,14507,223,414,820,17,0,412,27897,14171,13726,2051,1760,2347,2031,1784,3447,3385,3382,1652,1758,2445,1363,492,36.6,1313.9679999999996,0.10099999999999999,27593,24949,14843,13665,2644,10017,857,863,1233,802,1493,2016,1070,1161,334,188,47395,60614,21736,39370,30973,0.4615384615384616,2.3299996415385174,29.79173387819479,21.23111065109653,2,2953,2295,8334,1495,5248,3086,843,13390,16805,9237,1855,23597,4300,13420,8419,5566,0.4123740904039861,0.5200200738430656,0.00799369107789368,0.014840305409183784,0.029393841631716683,0.0006093845216331506,0.0,0.01476861311252106,0.5079757680037279,0.492024231996272,0.07352045022762305,0.06308922106319675,0.08413091013370612,0.0728035272609958,0.06394952862314944,0.12356167329820412,0.12133921210165967,0.1212316736566656,0.05921783704340969,0.06301752876653402,0.08764383267017957,0.04885830017564613,0.017636304979030005,0.90417859602073,0.09582140397927012,0.08555455725267046,0.08615353898372766,0.12309074573225515,0.0800638913846461,0.14904662074473396,0.20125786163522014,0.10681840870520116,0.11590296495956873,0.03334331636218429,0.01876809423979235,0.2947988419686533,0.22911051212938005,0.8319856244384546,0.14924628132175302,0.5239093540980333,0.3080762703404213,0.030218303043337995,0.4799799261569344,0.602394522708535,0.3311108721367889,0.06649460515467613,0.8458615621751443,0.15413843782485573,0.4810553106068753,0.30178872280173497,0.19951966161235976,Glenn
11,"Humboldt County, California",553.0,9.0,0.0162748643761302,42400,135768,15360,101305,1342,5919,4049,369,258,7166,135768,67666,68102,7364,7787,6803,9105,12763,18345,17028,15030,9122,9774,14208,5791,2648,38.0,3568.1740000000004,0.08800000000000001,134810,121755,75848,65631,13055,54267,3804,4175,6889,6159,8242,9925,5712,5664,1888,1809,45528,63753,26747,42593,36973,1.62748643761302,0.4073124742207295,31.229744858876906,38.049713943322274,1,14868,14401,44906,7552,29269,15637,13712,34463,79195,48134,8439,113121,22647,62167,41180,29773,0.11313417005479935,0.7461625714454069,0.00988450886806906,0.043596429202757636,0.029822933239054862,0.002717871663425844,0.0019003005126392077,0.05278121501384715,0.4983943197218785,0.5016056802781215,0.0542395851747098,0.05735519415473455,0.050107536385598964,0.06706293088209299,0.09400595132873726,0.13512020505568326,0.12541983383418773,0.11070355312002828,0.06718814448176301,0.07199045430440162,0.1046491073006894,0.04265364445230098,0.019503859525072186,0.9031600029671388,0.09683999703286106,0.07009784952180884,0.07693441686476127,0.12694639467816538,0.11349438885510532,0.15187867396391913,0.1828919969779056,0.10525733871413566,0.10437282326275638,0.034790941087585465,0.03333517607385704,0.27397866106473545,0.26537306281902445,0.8275010595758011,0.13916376435034186,0.53935172388376,0.2881493356920412,0.10099581639266984,0.2538374285545931,0.5833112368157445,0.35453125920688233,0.062157503977373164,0.8331933887219374,0.16680661127806254,0.4578914029815568,0.303311531435979,0.21929320605739205,Humboldt
12,"Imperial County, California",12469.0,336.0,0.02694682813377176,93652,180216,151019,19773,3906,1076,2376,307,120,1639,180216,92250,87966,15092,13588,14616,13576,14006,26210,21833,20565,9536,8748,12428,6979,3039,32.4,4176.58,0.08900000000000001,170734,154851,78870,88182,15883,44057,3622,4272,5700,4444,5498,7086,5127,5278,1709,1321,45834,63186,17590,45736,34311,2.694682813377176,6.918919518799663,51.966529054024065,43.149179472199755,3,13594,9942,35749,6987,23536,12213,3142,160443,118921,51277,10018,157770,22446,97088,51934,28155,0.8379888578150664,0.10971833799440672,0.021673991210547344,0.005970613042127225,0.01318417898521774,0.0017035113419452213,0.0006658676255160474,0.009094641985173348,0.5118857371154615,0.4881142628845386,0.08374395170240156,0.07539841079593376,0.08110267678785457,0.07533182403338216,0.07771784969148134,0.14543658720646335,0.12114906556576553,0.11411306432281262,0.05291428064100857,0.048541749900119856,0.06896169041594531,0.03872575132063746,0.016863097616193902,0.906972249229796,0.09302775077020396,0.08221168032321766,0.09696529495880336,0.1293778514197517,0.10086932837006607,0.12479288194838505,0.16083709739655447,0.11637197267176612,0.11979935084095605,0.038790657557255366,0.029983884513244206,0.3085548267017727,0.2256622103184511,0.8114261070885443,0.1585900083982114,0.5342170370202238,0.2772090700683206,0.01743463399476184,0.8902816620055933,0.6598803657832822,0.28453078527988634,0.055588848936831366,0.8754494606472233,0.12455053935277667,0.5387313002175168,0.2881764105295867,0.15622919163670262,Imperial
13,"Inyo County, California",226.0,15.0,0.06637168141592921,5314,18085,3927,11389,160,1944,289,35,28,313,18085,9084,9001,1011,1108,888,1055,779,2047,2018,2120,1404,1507,2321,1247,580,45.7,10180.938,0.09,17681,16556,12290,7352,1125,8083,240,574,794,1064,1184,1667,910,1085,300,265,52874,68448,31540,59444,41925,6.637168141592921,1.2496544097318218,29.383466961570363,1.776358917027095,1,1608,2248,6433,1385,3856,2577,2320,6696,8906,7352,1827,13937,4148,6888,5542,5075,0.2171412773016312,0.6297484102847664,0.008847110865358032,0.10749239701410007,0.015980094000552943,0.0019353055017970688,0.0015482444014376555,0.01730716063035665,0.5022947193807022,0.4977052806192978,0.055902681780481064,0.061266242742604365,0.04910146530273708,0.058335637268454525,0.04307437102571192,0.11318772463367432,0.11158418578932816,0.11722421896599393,0.07763339784351672,0.08332872546309096,0.12833840199059995,0.06895217030688416,0.032070776886922864,0.9363723771279904,0.0636276228720095,0.029691946059631324,0.07101323765928493,0.09823085488061364,0.13163429419769887,0.14648026722751453,0.20623530867252252,0.11258196214276878,0.1342323394779166,0.03711493257453916,0.03278485710750958,0.19893603859952988,0.2781145614252134,0.7958678708400346,0.17134727205245578,0.4770506000247433,0.3188172708152914,0.12828310754769146,0.3702515897152336,0.4924523085429914,0.4065247442632016,0.10102294719380704,0.770638650815593,0.2293613491844069,0.3808681227536633,0.3064418025988388,0.28061929776057504,Inyo
14,"Kern County, California",33105.0,416.0,0.012566077631777677,281693,883053,465842,307030,45053,4202,40273,1153,1039,18461,883053,452646,430407,71173,72357,72906,65963,68554,135500,110974,102382,49204,42035,55461,26402,10142,31.5,8132.26,0.099,854578,777362,444554,401660,77216,267913,17667,15647,30030,28629,36738,47612,30489,35313,14736,11052,52479,71440,22553,45106,35973,1.2566077631777677,3.7489256024270334,31.89989728815824,108.58642001116543,3,63344,65367,206812,50049,128711,78101,24855,576023,597427,249082,36544,791048,92005,486453,262560,123898,0.5275357198265562,0.3476914749171341,0.05101958772576504,0.004758491279685364,0.04560654909727955,0.00130569739302171,0.0011765998190369097,0.020905879941521058,0.5125921094203859,0.4874078905796141,0.08059878625631757,0.08193958912998428,0.08256129586785843,0.07469880063824029,0.07763293935924571,0.15344492346439,0.12567082609990568,0.11594094578694596,0.0557203248276151,0.04760189931974638,0.06280596974360543,0.029898545160935982,0.011485154345209178,0.909644292270571,0.09035570772942902,0.06594304867624938,0.05840328763441864,0.11208862578523623,0.10685931627058036,0.13712660453206826,0.17771440728893334,0.11380186851701858,0.13180771369810348,0.0550029300556524,0.0412521975417393,0.23643496209590426,0.2439859208026486,0.7719371587045049,0.1868106437537559,0.4804208828985529,0.2915162758059519,0.02814666843326505,0.652308525082866,0.676547160815942,0.2820691396779129,0.04138369950614516,0.8958103307502494,0.10418966924975058,0.5508763347160363,0.29733209671446675,0.14030641422428775,Kern
15,"Kings County, California",8228.0,83.0,0.010087506076810887,74406,150075,81154,49058,8784,1227,5737,285,204,3626,150075,82674,67401,11639,11665,11255,10441,12754,25059,20610,18001,7714,6370,8414,4632,1521,31.7,1390.309,0.135,133153,122207,74400,59881,10946,42735,2329,2404,4089,4685,6570,7666,5962,5610,1943,1477,53865,69985,21186,41785,35959,1.0087506076810886,5.482592037314675,49.5792103948026,107.94362979740477,3,8822,11255,33705,7553,20077,13628,5342,101017,103423,40499,6153,135508,14567,82813,46325,19416,0.5407562885224054,0.32688988838913874,0.05853073463268365,0.008175912043978011,0.03822755289022155,0.0018990504747626188,0.0013593203398300847,0.024161252706979844,0.5508845577211394,0.4491154422788606,0.07755455605530569,0.07772780276528403,0.07499583541562553,0.06957188072630352,0.08498417457937697,0.16697651174412795,0.1373313343328336,0.11994669332000668,0.051400966183574884,0.04244544394469432,0.056065300682991835,0.030864567716141933,0.010134932533733132,0.9177938161363244,0.08220618386367562,0.0544986544986545,0.056253656253656255,0.09568269568269568,0.10962910962910964,0.15373815373815375,0.17938457938457938,0.1395109395109395,0.13127413127413126,0.04546624546624547,0.034561834561834565,0.2064350064350064,0.2633672633672633,0.7886977886977887,0.17674037674037674,0.4698022698022698,0.3188955188955189,0.035595535565550555,0.6731101116108612,0.6891420956188572,0.2698584041312677,0.04099950024987506,0.9029351990671332,0.0970648009328669,0.5518107612860237,0.3086789938364151,0.1293753123438281,Kings
16,"Lake County, California",696.0,15.0,0.02155172413793104,21300,64148,12830,45623,1426,2090,642,30,142,1365,64148,31879,32269,3683,3828,3496,3516,3231,6973,6706,8097,5137,5540,8591,3975,1375,45.6,1256.517,0.079,63451,57446,30642,37606,6005,25966,2374,2051,3203,3247,3607,4030,3178,2609,959,708,42475,60847,25404,43516,36940,2.155172413793104,1.08499095840868,33.204464675438054,51.052234072439916,1,7628,6854,21690,3568,14482,7208,3627,18525,31433,27365,5350,50207,13941,24727,19940,18106,0.20000623558022074,0.7112146910270001,0.02222984348693646,0.0325809066533641,0.010008106254286962,0.0004676685165554655,0.0022136309783625367,0.02127891750327368,0.4969601546423895,0.5030398453576105,0.057414104882459314,0.05967450271247739,0.05449897112926358,0.05481075014030056,0.050367899233023636,0.10870175219804204,0.10453950240069836,0.12622373261832012,0.08008043898484754,0.08636278605724262,0.13392467419093346,0.06196607844359917,0.02143480700879217,0.9053600416069092,0.09463995839309074,0.09142725102056536,0.07898790726334437,0.12335361626742665,0.12504813987522145,0.13891242393899714,0.1552029577139336,0.12239081876299775,0.10047754756219672,0.0369329122698914,0.027266425325425555,0.2937687745513364,0.2639605638142186,0.8353231148424863,0.1374104598320881,0.5577293383655549,0.2775937764769314,0.05654112365155577,0.2887853089729999,0.4900074826962649,0.4265916318513437,0.08340088545239134,0.7826744403566752,0.2173255596433248,0.3854679802955665,0.31084367400386603,0.2822535386917753,Lake
17,"Lassen County, California",764.0,1.0,0.0013089005235602095,21067,31185,5834,20528,2695,847,436,205,22,618,31185,20671,10514,1384,1272,1477,1444,3218,6287,4353,3899,1803,1891,2504,1250,403,36.0,4541.185,0.145,21376,20160,15112,8672,1216,9493,497,609,941,909,1150,1979,1171,1388,599,250,56362,71097,21897,58358,45974,0.13089005235602094,2.4498957832291164,67.55491422158089,6.867150314290212,2,2047,2059,7256,1987,4106,3150,1692,10657,19435,10097,1653,27028,4157,15082,10055,5645,0.1870771204104537,0.6582651915985249,0.08641975308641975,0.02716049382716049,0.013981080647747314,0.006573673240339907,0.0007054673721340387,0.019817219817219817,0.6628507295173962,0.3371492704826038,0.04438031104697771,0.040788840788840784,0.04736251402918069,0.04630431297097964,0.10319063652396986,0.20160333493666827,0.1395863395863396,0.1250280583613917,0.057816257816257814,0.060638127304793975,0.08029501362834696,0.04008337341670675,0.012922879589546256,0.94311377245509,0.05688622754491018,0.05235436637522385,0.06415253344569682,0.09912567154745602,0.09575476667017804,0.12114189402717793,0.20846939850416096,0.1233540503528916,0.146212999051933,0.06309912567154746,0.026335194353734333,0.21563257136837669,0.21689666069735594,0.7643526809227852,0.20931212472348049,0.4325292320657326,0.33182344885705256,0.05425685425685426,0.3417348084014751,0.6232162898829565,0.3237774571107904,0.05300625300625302,0.8666987333653999,0.13330126663459996,0.483629950296617,0.3224306557639891,0.1810165143498477,Lassen
18,"Los Angeles County, California",296323.0,6989.0,0.023585749334341242,6519149,10098052,4893603,2659052,795505,20307,1451560,24821,29924,223280,10098052,4976788,5121264,624745,607905,626594,654903,738416,1609935,1387454,1369838,631221,547764,734393,384700,180184,36.2,4058.1929999999998,0.084,10030450,8943793,5804610,3809323,1086657,3306109,192319,168753,296864,282438,386040,534611,396793,500603,239855,307833,64251,94484,32469,46707,42455,2.358574933434124,2.934457061619409,64.55848118033062,2488.3124089958264,2,657936,668478,2257818,740458,1326414,931404,298332,7439000,6249952,3283216,564884,8798775,1299277,4862498,3388513,1666857,0.4846086156022963,0.26332326274414114,0.07877806531398332,0.0020109819200772585,0.1437465364606956,0.002457998829873326,0.002963343821164716,0.02211119530776827,0.4928463430372512,0.5071536569627488,0.06186787313038197,0.06020022475622031,0.0620509777529369,0.06485438973774348,0.07312459868497409,0.15943025446888173,0.13739818333278536,0.13565368845397113,0.06250918493982799,0.05424452161664448,0.07272620501459093,0.038096456623515115,0.01784344148752651,0.8916641825640923,0.10833581743590766,0.058170798361457526,0.05104278171106881,0.08979256279814125,0.08542912529502203,0.11676566017635835,0.16170398495633387,0.12001812402434404,0.15141757274185455,0.07254902969018867,0.09311036024523088,0.1990061428706676,0.2021947854713804,0.6829230373227259,0.2239666024320432,0.401200928342048,0.2817221089806779,0.029543519878883567,0.7366767372558588,0.6189265018639238,0.3251336000250345,0.05593989811104162,0.8713338968743675,0.12866610312563256,0.4815283185311385,0.3355610567265845,0.16506718325475053,Los Angeles
19,"Madera County, California",4898.0,74.0,0.015108207431604738,59390,155013,88806,53531,4835,1504,3047,136,443,2711,155013,74683,80330,11807,11847,12193,11303,10848,21466,19585,18065,8898,8204,12760,5764,2273,33.9,2136.928,0.115,147037,133253,74326,77490,13784,44759,2850,2516,4282,4498,7099,8371,5195,6527,1832,1589,52884,69614,21394,42195,35456,1.510820743160474,3.159734989968583,38.31291569094205,72.54011365848545,3,9648,11597,34811,8359,21245,13566,4794,101482,99049,47927,8037,134216,20797,79464,46548,26728,0.5728938863192119,0.3453323269661254,0.031190932373413843,0.009702412055763065,0.019656415913504036,0.0008773457709998517,0.002857824827595105,0.017488855773386748,0.4817853986439847,0.5182146013560153,0.0761678052808474,0.07642584815467089,0.07865791901324405,0.0729164650706715,0.06998122738092934,0.13847870823737365,0.12634424209582426,0.11653861289053175,0.057401637282034415,0.05292459342119693,0.08231567674969198,0.0371839781179643,0.014663286305019578,0.9062548882254128,0.09374511177458733,0.06367434482450457,0.05621215844858017,0.09566791036439598,0.10049375544583213,0.15860497330145892,0.18702383878102727,0.11606604258361447,0.14582542058580394,0.04093031569069908,0.03550123997408342,0.2155544136374808,0.25909872874729106,0.7777430237494135,0.18675573627650305,0.4746531423847718,0.30308988136464177,0.030926438427744767,0.6546676730338746,0.6389722152335611,0.30918052034345506,0.05184726442298388,0.8658370588273242,0.13416294117267585,0.5126279731377368,0.3002844922683904,0.1724242482888532,Madera
20,"Marin County, California",7042.0,128.0,0.018176654359556944,136692,260295,41335,185809,5597,435,14815,292,2453,9559,260295,127113,133182,12292,15188,16044,14371,11859,22746,31827,41362,20429,19552,32032,15888,6705,46.5,520.457,0.063,255552,245300,202769,82068,10252,105258,3448,2877,5474,5554,7858,12246,10687,17758,11730,27626,110217,168429,69275,99141,75500,1.8176654359556943,2.7053919591233013,52.5142626635164,500.1277723231698,2,11799,13412,48144,29488,25211,22933,12739,74486,124327,113375,22593,205670,54625,92500,93618,67472,0.15880059163641252,0.7138400660788721,0.02150252598013792,0.0016711807756583875,0.05691619124454945,0.0011218041068787338,0.009423922856758677,0.03672371732073225,0.4883420734167003,0.5116579265832997,0.047223342745730805,0.058349180737240436,0.061637757160145225,0.055210434314911926,0.04555984555984556,0.08738546648994411,0.1222728058548954,0.15890432009834995,0.07848402773775909,0.07511477362223631,0.12306037380664245,0.06103843715784015,0.025759234714458595,0.9598829201101928,0.040117079889807165,0.03275760512265101,0.027332839309126142,0.05200554827186532,0.05276558551369017,0.07465465807824584,0.11634270079233885,0.10153147504227708,0.16870926675407094,0.11144046058256854,0.2624598605331661,0.11209599270364247,0.12742024359193602,0.4573904121301944,0.2801497273366395,0.2395162362955785,0.2178741758346159,0.04894062506002805,0.28615993392112793,0.4776388328627135,0.4355634952649878,0.08679767187229874,0.7901419543210588,0.2098580456789412,0.35536602700781805,0.35966115369100443,0.2592135845867189,Marin
21,"Mariposa County, California",77.0,2.0,0.025974025974025976,5100,17540,1909,14125,166,390,243,54,20,633,17540,8920,8620,762,761,751,804,803,1885,1614,2284,1503,1683,2778,1556,356,51.4,1448.838,0.053,17370,16526,11650,8584,844,7700,494,484,934,711,1133,1465,1060,873,384,162,51199,64590,29776,44969,41533,2.5974025974025974,0.4389965792474344,29.076396807297613,12.106253425158643,1,1912,1844,6281,1257,3756,2525,1097,3415,7380,8248,1912,12850,4690,5766,5401,6017,0.1088369441277081,0.8053021664766249,0.009464082098061571,0.02223489167616876,0.013854047890535915,0.0030786773090079817,0.0011402508551881414,0.03608893956670469,0.5085518814139109,0.491448118586089,0.04344355758266818,0.04338654503990878,0.04281641961231472,0.045838084378563286,0.04578107183580389,0.10746864310148233,0.09201824401368301,0.13021664766248575,0.08568985176738883,0.0959521094640821,0.15838084378563286,0.0887115165336374,0.02029646522234892,0.9514104778353484,0.0485895221646517,0.06415584415584416,0.06285714285714286,0.1212987012987013,0.09233766233766234,0.14714285714285713,0.19025974025974027,0.13766233766233765,0.11337662337662338,0.04987012987012987,0.02103896103896104,0.2483116883116883,0.2394805194805195,0.8157142857142857,0.16324675324675325,0.4877922077922078,0.32792207792207795,0.06254275940706956,0.1946978335233752,0.4207525655644242,0.4702394526795895,0.10900798175598632,0.7326111744583809,0.26738882554161914,0.3287343215507412,0.3079247434435576,0.34304446978335235,Mariposa
22,"Mendocino County, California",1022.0,21.0,0.02054794520547945,35337,87422,21679,57314,511,2839,1667,170,180,3062,87422,43439,43983,5143,5838,4704,5160,4778,9969,10119,10569,6405,6892,11538,4309,1998,42.8,3506.3590000000013,0.084,86575,78510,43387,47743,8065,34090,2289,2555,3968,3889,4577,6425,3957,3994,1280,1156,49233,67340,27395,41021,36437,2.054794520547945,1.1690421175447827,40.421175447827785,24.932415648255066,1,8812,8466,27660,5274,17278,10382,6251,30108,45711,35404,6307,69577,17845,35592,27093,22739,0.2479810573997392,0.6556015648234998,0.005845210587723914,0.03247466312827435,0.019068426711811668,0.0019445906064834934,0.002058978289217817,0.035025508453249754,0.4968886550296264,0.5031113449703736,0.0588295852302624,0.06677952918029786,0.053807965958225616,0.05902404429091075,0.05465443481045961,0.11403308091784675,0.1157488961588616,0.12089634188190615,0.07326531079133397,0.07883599094049552,0.13198050833886207,0.049289652490219854,0.02285465901031777,0.9068437770719028,0.09315622292809704,0.06714579055441479,0.07494866529774127,0.1163977706072162,0.11408037547667935,0.13426224699325315,0.1884716925784688,0.11607509533587562,0.117160457612203,0.03754766793781168,0.03391023760633617,0.25849222645937225,0.2483426224699325,0.8113816368436492,0.15470812555001467,0.5068348489293047,0.3045467879143444,0.07150374047722541,0.3443984351765002,0.5228775365468646,0.4049781519525977,0.07214431150053763,0.7958751801606003,0.2041248198393997,0.407128640388003,0.3099105488321018,0.26010615176957746,Mendocino
23,"Merced County, California",9351.0,155.0,0.016575767297615233,89557,269075,158494,76008,8038,840,19487,556,501,5151,269075,135816,133259,21254,22886,22499,23338,21064,38509,32974,30749,14281,12201,16993,8987,3340,30.9,1935.646,0.13,266325,243180,128740,137831,23145,79606,5230,5097,8627,8577,12196,14954,9425,8924,3506,3070,50129,69764,21634,40992,35528,1.6575767297615234,3.4752392455635044,33.283285329369136,139.0104388922355,3,18954,20773,64106,12430,39727,24379,7048,193067,182524,74224,12327,239755,29320,149550,78004,38181,0.5890327975471523,0.28247886277060297,0.029872712069125708,0.003121806187865837,0.07242218712254947,0.0020663383814921487,0.0018619344049056953,0.019143361516305864,0.5047514633466506,0.4952485366533495,0.07898912942488154,0.0850543528755923,0.08361609216761126,0.08673418191953916,0.0782830065966738,0.14311623153395894,0.12254575861748584,0.1142766886555793,0.05307442162965716,0.045344234878751284,0.0631533958933383,0.03339960977422652,0.012412896032704636,0.9130949028442692,0.08690509715573078,0.06569856543476622,0.06402783709770621,0.1083712282993744,0.10774313493957742,0.1532045323216843,0.18785016204808688,0.11839559832173455,0.1121021028565686,0.044041906388965664,0.03856493229153581,0.23809763083184685,0.2609476672612617,0.8052910584629299,0.15614400924553426,0.4990452980931086,0.3062457603698214,0.026193440490569545,0.717521137229397,0.6783387531357429,0.27584874105732604,0.04581250580693115,0.8910340982997306,0.10896590170026944,0.555792994518257,0.2898968689027223,0.14189724054631608,Merced
24,"Modoc County, California",28.0,0.0,0.0,1863,8938,1292,6962,149,291,130,6,4,104,8938,4613,4325,402,556,464,491,252,1115,873,1050,691,751,1351,690,252,47.7,3915.447,0.083,8714,7646,4292,4697,1068,3660,288,166,502,574,481,734,424,382,81,28,45149,54126,23235,40600,28846,0.0,0.3132691877377489,20.843589169836648,2.2827534123179296,1,956,1055,3169,463,2011,1158,405,1976,4153,3843,942,6645,2293,3280,2614,2792,0.14455135377041844,0.7789214589393599,0.016670396061758786,0.032557619154173184,0.014544640859252628,0.0006712911165808906,0.00044752741105392703,0.011635712687402105,0.5161109867979414,0.4838890132020586,0.04497650481091967,0.06220631013649585,0.05191317968225554,0.054933989706869545,0.028194226896397407,0.12474826583128215,0.09767285746251958,0.11747594540165585,0.0773103602595659,0.0840232714253748,0.15115238308346388,0.07719847840680241,0.028194226896397407,0.8774386045444112,0.12256139545558872,0.07868852459016394,0.0453551912568306,0.1371584699453552,0.15683060109289618,0.13142076502732242,0.2005464480874317,0.11584699453551912,0.10437158469945357,0.0221311475409836,0.007650273224043716,0.2612021857923497,0.28825136612021857,0.8658469945355192,0.12650273224043715,0.5494535519125683,0.3163934426229508,0.045312150369210116,0.22107854106063995,0.4646453345267398,0.4299619601700605,0.10539270530319984,0.7434549116133363,0.2565450883866637,0.3669724770642202,0.2924591631237413,0.3123741329156411,Modoc
25,"Mono County, California",167.0,2.0,0.011976047904191616,5572,14174,3866,9234,40,342,336,0,80,276,14174,7341,6833,464,786,911,630,1341,2264,1563,1964,1314,907,1385,568,77,38.3,3048.987,0.1,14059,11724,9166,4150,2335,4847,140,102,267,339,745,1243,801,765,218,227,63018,80008,33421,41886,44138,1.1976047904191616,1.1782136305912234,39.311415267391,4.648757111788276,1,509,1084,3637,983,1593,2044,698,4940,7959,5570,645,12144,2030,6396,4841,2860,0.27275292789614786,0.6514745308310992,0.002822068576266403,0.024128686327077747,0.023705376040637792,0.0,0.005644137152532806,0.019472273176238186,0.5179201354592916,0.4820798645407083,0.03273599548469028,0.055453647523634825,0.06427261182446734,0.04444758007619585,0.09460984901933116,0.15972908141667844,0.1102723296176097,0.1385635670946804,0.09270495273035134,0.06399040496684069,0.0977141244532242,0.040073373782982924,0.0054324820093128254,0.8339142186499751,0.16608578135002489,0.028883845677738808,0.021043944708066847,0.05508561997111616,0.0699401691768104,0.15370332164225295,0.2564472869816381,0.16525685991334846,0.15782958531050134,0.04497627398390757,0.04683309263461935,0.1050134103569218,0.22364349081906326,0.7503610480709717,0.20280585929440886,0.3286569011759852,0.4217041468949866,0.04924509665584874,0.3485254691689008,0.5615210949626076,0.39297304924509663,0.04550585579229576,0.8567800197544799,0.14321998024551996,0.4512487653449978,0.34154084944264146,0.20177790320304784,Mono
26,"Monterey County, California",11153.0,91.0,0.008159239666457456,156994,433212,252588,131238,10606,1046,23647,1963,530,11594,433212,220967,212245,32318,31786,32230,30473,31877,63216,56042,51701,25456,22598,32072,15291,8152,34.1,3281.7209999999995,0.087,416906,370256,237899,171343,46650,126052,4820,4179,9561,10842,15983,24256,17300,19706,9041,10364,66676,93636,28836,43932,40525,0.8159239666457455,2.574490087993869,36.239531684256214,132.00756554259183,2,18560,26825,86941,28747,45385,41556,15133,301974,277942,131827,23443,377697,55515,221900,133199,69961,0.5830586410348744,0.30294174676601754,0.02448223964248451,0.002414522220067773,0.05458528387948625,0.004531268755251471,0.0012234194805314721,0.026762878221286576,0.5100666648199957,0.4899333351800042,0.07460088824870964,0.07337285209089314,0.07439775444816857,0.07034200345327461,0.07358291090736176,0.14592393562505193,0.12936391420366933,0.11934341615652384,0.05876106848379085,0.05216383664349095,0.07403303694265162,0.03529680618265422,0.018817576613759542,0.888104272905643,0.111895727094357,0.03823818741471773,0.03315298448259448,0.07584964935106146,0.0860121219814045,0.1267968774791356,0.19242852156252974,0.1372449465300035,0.1563323073017485,0.0717243677212579,0.0822200361755466,0.14724082124837368,0.2128089994605401,0.6897232888014471,0.2280566750230064,0.3600498207089138,0.32967346809253323,0.03493208867713729,0.6970582532339824,0.641584258977129,0.3043013582264573,0.054114382796413764,0.8718525802609346,0.1281474197390654,0.5122203447734597,0.307468398843984,0.1614936797687968,Monterey
27,"Napa County, California",1957.0,15.0,0.007664793050587634,66469,140530,47687,74159,2764,326,11210,264,516,3604,140530,70082,70448,7318,7449,9619,9036,8888,17269,17769,18925,9560,9337,14353,7545,3462,41.1,748.31,0.08199999999999999,138703,129688,101997,47481,9015,49032,1582,1465,3053,3219,5131,7700,6142,9278,4977,6485,84753,116922,42677,55883,53002,0.7664793050587635,1.392585213121753,47.29879740980574,187.79650144993386,1,6100,8350,28292,14255,14450,13842,4710,66371,77348,52175,11007,115170,25360,59579,46254,31235,0.3393367964135772,0.5277093858962499,0.019668398206788583,0.002319789368818046,0.07976944424678005,0.001878602433644061,0.0036718138475770297,0.025645769586565142,0.4986977869494058,0.5013022130505942,0.05207429018714865,0.05300647548566143,0.06844801821675088,0.06429943784245358,0.06324628193268343,0.12288479328257312,0.12644275243720202,0.13466875400270406,0.06802817903650465,0.06644132925354017,0.10213477549277734,0.053689603643350174,0.024635309186650536,0.9350050107063294,0.06499498929367065,0.032264643498123684,0.029878446728666994,0.062265459291891014,0.06565100342633383,0.10464594550497634,0.15704030021210638,0.12526513297438407,0.18922336433349649,0.1015051395007342,0.132260564529287,0.12440854951868167,0.17029694893131014,0.5770109316364823,0.2907285038342307,0.29470549844999183,0.28230543318649043,0.03351597523660428,0.4722906141037501,0.550402049384473,0.3712730377855262,0.07832491283000073,0.8195403116772221,0.18045968832277806,0.423959296947271,0.3291396854764107,0.2222657083896677,Napa
28,"Nevada County, California",608.0,8.0,0.013157894736842105,29739,99092,9281,84470,601,570,989,154,130,2897,99092,48889,50203,4221,4656,5063,5249,4126,9903,10823,11994,8407,9473,15491,6588,3098,50.1,957.76,0.035,98103,90498,66296,42920,7605,40904,2085,1934,3463,3675,5387,6765,5233,6652,2738,2972,63240,86798,37145,57622,51085,1.3157894736842104,0.6135712267387882,30.01150446050136,103.46224523889074,1,7482,9062,28542,9390,16544,11998,3751,14622,44041,45365,9686,73915,25177,33218,31224,31552,0.09366043676583376,0.8524401566221289,0.006065070843256771,0.005752230250676139,0.009980624066524037,0.0015541113308844307,0.001311912162434909,0.02923545795826101,0.4933697977636943,0.5066302022363056,0.04259677875105962,0.0469866386792072,0.051093932910830336,0.05297097646631413,0.041638073709280264,0.09993743188148388,0.10922173333871554,0.12103903443264845,0.08484035038146369,0.09559803011342996,0.1563294716021475,0.0664836717393937,0.031263875994025754,0.9224794348796672,0.07752056512033273,0.05097300997457462,0.047281439468022685,0.08466164678271074,0.08984451398396245,0.13169861138274985,0.165387248190886,0.12793369841580285,0.16262468218267162,0.06693721885390183,0.07265793076471737,0.18291609622530805,0.2215431253667123,0.6977801681987091,0.22956190103657345,0.4044592215920204,0.29332094660668884,0.03785371170225649,0.14755984337787106,0.444445565736891,0.4578068865296896,0.09774754773341944,0.7459229806644331,0.2540770193355669,0.33522383239817544,0.31510111815282765,0.3184111734549712,Nevada
29,"Orange County, California",57928.0,1444.0,0.02492749620218201,955802,3164182,1080195,1296036,50412,6348,629637,8541,5881,87132,3164182,1562429,1601753,188956,189548,206380,208793,218993,453121,415919,453608,211722,176654,249211,131180,60097,37.8,792.7819999999997,0.078,3147477,2881804,2116269,1015430,265673,1032373,43771,30304,62835,66044,96088,157083,132431,189165,107421,147231,85398,117194,39590,60553,50816,2.4927496202182016,1.830741720925029,30.206922357816328,3991.238448905248,1,136910,162132,588556,296586,299042,289514,107902,1868146,1881710,1091195,191277,2723694,440488,1465791,1081249,557045,0.3413820696786721,0.4095959081999708,0.015932079760266636,0.002006205711302321,0.19898886979320407,0.002699275831794757,0.001858616223719116,0.02753697480107023,0.4937860717240665,0.5062139282759336,0.05971717176824848,0.0599042659366623,0.06522380823859057,0.06598640659734491,0.06920998855312369,0.1432032038612191,0.13144597877113262,0.14335711409773522,0.06691208027856804,0.055829279099621966,0.07876000811584162,0.04145779225088822,0.018992902431023247,0.9155917580970409,0.0844082419029591,0.04239843544920295,0.029353731645442107,0.06086462935392537,0.06397300200605789,0.09307488669308477,0.15215721449514855,0.12827824826879433,0.18323319187929168,0.10405250815354528,0.14261415205550707,0.13261679644857044,0.15704788869914266,0.570100147911656,0.287285700032837,0.2896646851477131,0.2804354627639429,0.03410107256788642,0.5904040918000292,0.5946908237263216,0.34485848159176685,0.06045069468191148,0.8607892972022471,0.1392107027977531,0.4632448449551889,0.3417151731474359,0.1760470794663518,Orange
30,"Placer County, California",4093.0,57.0,0.013926215489860738,101974,380077,52498,278380,5868,1244,27196,576,403,13912,380077,185511,194566,20325,25051,24540,24399,20279,41834,48667,52916,26116,24851,40466,21867,8766,41.9,1407.082,0.054000000000000006,377358,359456,299854,118707,17902,140661,5616,4796,8765,9627,12591,21851,18041,27747,15169,16458,84357,109020,41508,74254,58099,1.3926215489860738,1.0768870518342335,26.82982658777037,270.11716445807707,1,19177,22218,81287,42916,41395,39892,16135,101697,205095,144349,30633,308978,71099,156428,127699,87184,0.13812464316441142,0.7324305338128853,0.015438976838903697,0.003273020993114553,0.07155392196844322,0.0015154823890948413,0.0010603114632035087,0.03660310936994346,0.4880879400753005,0.5119120599246995,0.053476006177695566,0.0659103286965536,0.0645658642853948,0.06419488682556429,0.053354978070233136,0.11006717059964163,0.12804510664944208,0.13922442031483095,0.06871239248889041,0.06538411953367344,0.1064678999255414,0.05753307882350155,0.023063747609037115,0.95255963832753,0.04744036167247018,0.03992577900057585,0.03409616027185928,0.06231293677707396,0.06844114573335892,0.08951308465032952,0.15534512053803115,0.1282587213228969,0.19726150105572973,0.10784083719012376,0.1170047134600209,0.1363348760495091,0.15795423038368844,0.5778929482941256,0.30510233824585353,0.2942891064331976,0.2836038418609281,0.04245192421535636,0.2675694661871147,0.5396143413045251,0.3797888322629362,0.08059682643253868,0.8129352736419201,0.18706472635808008,0.4115692346550831,0.3359819194531634,0.2293850982827164,Placer
31,"Plumas County, California",63.0,0.0,0.0,4309,18699,1629,15571,194,387,200,41,126,551,18699,9423,9276,859,893,827,992,698,1714,1844,2211,1592,2081,3160,1410,418,52.2,2553.062,0.046,18544,17897,12977,9297,647,8047,402,610,861,720,1189,1498,1057,1048,397,265,53270,71648,32710,56033,40080,0.0,0.3369164126423873,23.04401304882614,7.324146456294442,1,1873,1909,6337,1445,3782,2555,1105,3128,7827,9044,1828,13711,4988,5983,5647,6651,0.087116958126103,0.8327183271832719,0.010374886357559229,0.020696293919460932,0.010695759131504359,0.0021926306219583933,0.006738328252847746,0.029466816407294507,0.5039306914808278,0.4960693085191722,0.04593828546981122,0.047756564522166964,0.04422696400877052,0.053050965292261616,0.03732819936895021,0.09166265575699237,0.09861489919247016,0.11824161719878068,0.0851382426867747,0.11128937376330283,0.16899299427776887,0.07540510187710572,0.02235413658484411,0.9651100086281276,0.034889991371872306,0.049956505530011186,0.07580464769479309,0.10699639617248664,0.0894743382627066,0.14775692804771964,0.18615633155213124,0.13135329936622345,0.1302348701379396,0.04933515595874239,0.03293152727724618,0.2327575493972909,0.23723126631042624,0.7874984466260718,0.179570026096682,0.4699888157077172,0.31750963091835466,0.05909406920156157,0.16728167281672818,0.4185785336114231,0.4836622279266271,0.09775923846194984,0.7332477672602813,0.2667522327397187,0.3199636344189529,0.3019947590780256,0.35568746991817746,Plumas
32,"Riverside County, California",65902.0,1279.0,0.01940760523201117,737343,2383286,1154517,856468,144503,10064,147706,5846,5345,58837,2383286,1186188,1197098,158008,169403,177796,177697,170153,328917,303627,303884,142066,123126,186772,101900,39937,35.3,7206.559,0.09,2361744,2124439,1373585,957864,237305,718349,39712,30031,64175,65380,87029,124931,94201,116546,51748,44596,63948,84391,27142,50306,40480,1.940760523201117,2.765173797857244,30.93808296612325,330.7106762048295,2,133918,152409,505459,168294,286327,219132,80092,1526818,1485601,755848,141837,2054677,328609,1181974,749577,411798,0.4844223479683093,0.35936433982325244,0.0606318335273232,0.004222741206888305,0.06197577630213075,0.0024529158481189427,0.0022427018830304037,0.024687343440946655,0.4977111433541757,0.5022888566458243,0.06629837963215493,0.07107959346884933,0.07460120187002316,0.07455966258350866,0.07139428503335311,0.13800987376252788,0.12739847420745978,0.12750630851689645,0.05960929573706219,0.0516622847614596,0.07836743051400462,0.04275609389724943,0.016757116015450938,0.899521285964948,0.10047871403505207,0.055282320988822985,0.04180558475058781,0.0893367986869892,0.0910142563016027,0.12115141804331878,0.17391407240770154,0.1311354230325371,0.1622414731558059,0.07203740800084639,0.06208124463178761,0.1864247044264,0.21216567434492148,0.7036398742115602,0.2342788811566523,0.3985903787713215,0.3050494954402387,0.03360570237898431,0.6406356601767476,0.6233414705578768,0.3171453195294228,0.059513209912700364,0.8621193595732951,0.13788064042670498,0.49594299635041705,0.3145140784614184,0.17278580917271366,Riverside
33,"Sacramento County, California",25372.0,484.0,0.019076146933627625,459201,1510023,347025,682500,144003,5469,231740,16335,6086,76865,1510023,737742,772281,99356,101293,102000,94932,100159,234363,197732,195044,95111,87826,117908,57619,26680,36.0,965.445,0.08800000000000001,1495461,1401166,977056,594627,94295,536029,29236,27434,45253,46057,63279,93941,69723,85746,40791,34569,63902,85289,31311,53402,48002,1.9076146933627625,1.6802393076131954,30.410199049948243,1564.0694187654394,1,101923,109336,374923,126537,211259,163664,104755,827523,929835,495889,84299,1307816,202207,732103,487887,263353,0.2298143803107635,0.4519798705052837,0.09536477258955656,0.0036217991381588227,0.15346786108555965,0.010817716021544042,0.004030402185926969,0.050903198163206785,0.4885634192326872,0.5114365807673128,0.06579767328047323,0.06708043519866916,0.06754863998760284,0.06286791658140306,0.06632945325998346,0.15520492071975062,0.13094634982381062,0.12916624448766675,0.06298645782216562,0.05816202799560007,0.07808357885939486,0.03815769693574204,0.017668605047737682,0.936945864853714,0.063054135146286,0.05454182516244457,0.051180066750119865,0.08442267116144836,0.08592259000912264,0.1180514487089318,0.17525357769822156,0.13007318633879886,0.159965225762039,0.07609849467099727,0.06449091373787612,0.1901445630740128,0.20397403871805445,0.6994453658290876,0.2360637204330363,0.3941186017920672,0.3053267640370204,0.06937311550883662,0.5480201294947163,0.615775388851693,0.3283983091648273,0.055826301983479716,0.8660901191571254,0.13390988084287458,0.4848290390278824,0.323099052133643,0.17440330379073696,Sacramento
34,"San Benito County, California",1417.0,15.0,0.01058574453069866,23943,59416,35248,20780,434,193,1705,79,84,893,59416,29626,29790,3902,4187,4678,4469,4104,7890,7645,8149,3850,3348,4278,2031,885,35.5,1388.652,0.091,59259,54893,38962,21434,4366,17740,295,594,938,1125,1939,3198,2420,3849,1766,1616,81977,101057,31475,54753,42542,1.058574453069866,2.38487949373906,40.29722633634039,42.78681771963026,2,1827,3064,10509,5615,4891,5618,1249,38636,36875,19625,2916,52222,7194,29230,19644,9657,0.5932408778780126,0.3497374444594049,0.007304429783223374,0.003248283290696109,0.028695974148377545,0.001329608186347112,0.001413760603204524,0.015029621650733809,0.4986199003635384,0.5013800996364616,0.06567254611552444,0.07046923387639692,0.0787330012117948,0.07521543018715497,0.06907230375656387,0.13279251380099635,0.12866904537498314,0.1371516089942103,0.06479736098020736,0.05634845832772317,0.07200080786320183,0.034182711727480816,0.01489497778376195,0.926323427664996,0.07367657233500396,0.016629086809470124,0.0334836527621195,0.05287485907553551,0.06341600901916572,0.10930101465614432,0.18027057497181512,0.13641488162344986,0.21696730552423896,0.09954904171364147,0.0910935738444194,0.10298759864712513,0.17271702367531006,0.5923900789177001,0.3165163472378805,0.2757046223224352,0.3166854565952649,0.02102127373098156,0.6502625555405951,0.6206240743234146,0.33029823616534265,0.04907768951124277,0.8789215026255554,0.1210784973744446,0.4919550289484314,0.33061801534940083,0.16253197791840582,San Benito
35,"San Bernardino County, California",61351.0,1072.0,0.01747322782024743,714835,2135413,1127813,623262,168864,7409,145652,6037,4085,52291,2135413,1062472,1072941,154616,159351,160376,159896,169422,319211,273918,268397,128278,108605,141854,66406,25083,33.1,20059.898,0.10300000000000001,2084508,1889161,1167704,871208,195347,630633,34198,31835,59404,58750,79401,117004,83245,95961,40547,30288,60164,77575,23956,46547,39737,1.7473227820247432,2.87302737222261,33.4752574794665,106.45183739219412,2,125437,138151,463837,136508,263588,200249,69822,1512151,1396790,647134,91489,1902070,233343,1122872,670593,316865,0.5281474824776284,0.2918695353076899,0.07907791139231615,0.003469586445338677,0.06820788297158442,0.002827087781145849,0.0019129788944808328,0.02448753472981573,0.4975487177421885,0.5024512822578114,0.07240566578924076,0.07462303545028526,0.0751030362744818,0.07487825540071172,0.07933921915807388,0.1494844322854642,0.12827401537782152,0.12568856703597853,0.06007175192808136,0.05085901415791698,0.06642930430787862,0.03109749729911732,0.01174620553494804,0.9062862795441421,0.09371372045585816,0.054228053400313656,0.05048102462129321,0.09419741751541703,0.0931603642689171,0.12590682695006447,0.18553421720715527,0.1320022897628256,0.15216615686143922,0.06429571557466862,0.048027933837905726,0.19890649553702391,0.21906719121898155,0.7355101937259865,0.21646187243610784,0.4179736867560055,0.317536506969981,0.03269718785078109,0.7081304646923101,0.6541076597360792,0.3030486374298555,0.04284370283406536,0.890726992858056,0.10927300714194398,0.5258336443582576,0.3140343343418814,0.14838581576491292,San Bernardino
36,"San Diego County, California",54330.0,868.0,0.01597644027240935,994760,3302833,1106925,1515380,155536,12282,382336,12811,6366,111197,3302833,1661931,1640902,211969,198148,197726,209496,262118,541385,436855,420221,201666,183654,251516,127904,60175,35.6,4208.764,0.073,3204470,2924868,2185866,1056014,279602,1118980,51029,39441,78317,84271,122572,184805,144979,197632,98349,117585,74855,101302,36156,54315,47567,1.597644027240935,1.6449514704497623,30.118386245989427,784.751295154587,1,168787,206843,705414,295981,375630,329784,142656,1787453,2057697,1057057,188079,2863238,439595,1620842,1058742,563074,0.3351441020481508,0.4588121773035452,0.04709169370658462,0.003718625797913489,0.11576001571983807,0.0038787913285352298,0.0019274362342873528,0.03366715786114526,0.5031834791525942,0.4968165208474058,0.06417793451863901,0.05999334510706415,0.05986557600702185,0.0634291833707608,0.07936156626750429,0.16391534176871794,0.13226675402601346,0.12723047153761635,0.06105849130125561,0.055604991230255967,0.07615159470672601,0.03872554258722738,0.01821920757119721,0.9127462575714548,0.08725374242854513,0.04560313857262865,0.03524727877173855,0.06998963341614685,0.07531055068008365,0.10953904448694346,0.165154873188082,0.12956353107294144,0.17661799138501136,0.08789165132531412,0.10508230710110994,0.15084005076051404,0.18484959516702712,0.6304080501885646,0.26450964271032545,0.33568964592754114,0.2947184042610234,0.043192011221881335,0.5411878226964548,0.6230097010657215,0.32004554877585395,0.0569447501584246,0.8669036551348493,0.13309634486515062,0.4907429470397081,0.3205557168648854,0.17048212852420938,San Diego
37,"San Francisco County, California",12073.0,140.0,0.011596123581545598,588157,870044,132651,353670,43619,1363,294846,2694,4163,37038,870044,443970,426074,39519,31072,29588,30492,49822,202928,137296,115998,51067,50824,71250,38978,21210,38.2,46.863,0.06,865827,828067,650986,252110,37760,359673,18633,18570,22449,18507,23903,37920,33637,58516,40785,86753,104552,149265,64157,86240,73885,1.15961235815456,1.3876309703877046,67.60083398081018,18565.691483686493,1,59652,42410,173619,99301,102062,71557,45258,516374,520717,289139,60188,738606,131438,383421,304361,161052,0.15246470293456424,0.4064966829263808,0.05013424608410609,0.0015665874369572114,0.3388863091981555,0.003096395124844261,0.0047848154805963826,0.042570260814395584,0.5102845373337439,0.489715462666256,0.04542184073449159,0.03571313634712727,0.03400747548399851,0.035046503395230584,0.0572637705679253,0.2332387787284321,0.15780351338552992,0.13332429164502024,0.05869473268018629,0.05841543646068475,0.08189241003903251,0.04480003310177416,0.02437807743056673,0.956388516412632,0.04361148358736792,0.051805389895822035,0.05163023079297028,0.06241502698284275,0.051455071690118516,0.0664575878645325,0.1054290980974385,0.0935210594067389,0.1626922232138637,0.11339466682236365,0.24119964523330914,0.16585064767163507,0.11791265955465105,0.4827134647304635,0.2760868900362273,0.2837633072262861,0.1989501575041774,0.05201805885679345,0.5935033170736193,0.5984950186427354,0.3323268708249238,0.0691781105323409,0.8489294794286266,0.1510705205713734,0.4406915052572054,0.3498225377107365,0.18510787960149144,San Francisco
38,"San Joaquin County, California",21458.0,489.0,0.02278870351384099,239765,732212,301256,237887,49926,1536,110164,3959,1069,26415,732212,364612,367600,52723,57384,56988,55240,51640,101222,94351,92011,42250,38942,52720,25773,10968,34.1,1392.386,0.098,723069,669097,426019,311190,53972,226727,11947,11352,21842,20742,28173,40017,28778,35403,15258,13215,61145,81297,26145,50117,41465,2.278870351384099,2.930572020125319,32.7452978099239,525.8685450729898,2,45141,48915,162851,50661,94056,68795,32979,494325,469548,225923,36741,642751,89461,375197,228612,117435,0.4114327544481653,0.32488814714864,0.06818517041512567,0.002097753109755098,0.15045369373897174,0.0054069040114065325,0.001459959683807422,0.036075617444128204,0.4979596073268398,0.5020403926731603,0.07200510234740758,0.07837074508475687,0.07782991811114814,0.07544263136905703,0.07052602251806854,0.13824138364298866,0.12885748936100475,0.1256616936078622,0.0577018677650735,0.05318405052088738,0.07200100517336509,0.03519882219903525,0.014979268299344999,0.9253570544443199,0.07464294555568002,0.05269332721731421,0.050069025744617975,0.0963361222968592,0.091484472515404,0.12425957208448928,0.17649860845863086,0.12692797946428966,0.1561481429207814,0.06729679305949446,0.058285956238118976,0.1990984752587914,0.21574404459989327,0.7182691077816052,0.22344493598027584,0.4148425198586847,0.3034265879229205,0.045040234249097255,0.67511185285136,0.6412732924344315,0.30854861706718817,0.05017809049838025,0.8778209043282547,0.12217909567174536,0.5124158030734268,0.3122210507339405,0.16038387789328773,San Joaquin
39,"San Luis Obispo County, California",4119.0,32.0,0.00776887594076232,114421,281455,63002,194574,4912,1363,9924,258,244,7178,281455,142769,138686,13457,14079,14326,22464,29568,32771,30037,32501,19546,19948,31047,15299,6412,39.1,3300.638,0.077,274891,254176,199736,95173,20715,105317,5649,4287,7915,7435,11870,18392,13799,18862,8158,8950,70699,93008,35832,60306,45221,0.776887594076232,1.4634666287683644,40.65339041765114,85.27290784387745,1,17851,19305,69347,27020,37156,32191,9043,86881,156702,103042,21711,228697,52758,126665,82084,66294,0.2238439537403848,0.6913147750084383,0.017452168197402782,0.004842692437512213,0.03525963297862891,0.000916665186264234,0.0008669236645289655,0.025503188786839808,0.5072533797587536,0.4927466202412464,0.04781226128510775,0.050022206036488964,0.050899788598532635,0.07981382459007656,0.10505409390488712,0.1164342434847489,0.1067204348830186,0.11547494270842586,0.06944627027411131,0.07087456254108118,0.1103089303796344,0.05435682435913379,0.022781616954752986,0.9246428584420734,0.0753571415579266,0.0536380641301974,0.0407056790451684,0.07515405869897547,0.07059638994654234,0.11270735019037766,0.17463467436406274,0.13102348148921827,0.17909739168415356,0.07746137850489475,0.08498153194640941,0.16949780187434127,0.18330374013692002,0.6584596978645423,0.2565587701890483,0.35280154201126124,0.30565815585328104,0.03212947007514523,0.3086852249915617,0.5567568527828605,0.3661047059032527,0.07713844131388678,0.8125526283064788,0.1874473716935212,0.4500364178998419,0.2916416478655558,0.2355403172798493,San Luis Obispo
40,"San Mateo County, California",10942.0,159.0,0.014531164320965087,285657,765935,189002,303047,16838,1151,212474,10272,2476,30675,765935,377851,388084,44775,46334,43978,40654,42295,111996,110088,108983,51530,47435,66210,33971,17686,39.6,448.63599999999997,0.071,762101,725672,597415,211256,36429,261969,7627,6048,11667,12425,18246,30288,28976,47304,32301,67087,113776,162639,57375,79347,65524,1.4531164320965086,1.4285807542415483,37.29520128992669,1707.2526502554404,1,25342,30671,115277,79605,56013,59264,44574,462888,440120,274158,51657,648068,117867,330032,270601,147616,0.2467598425453857,0.3956562893718135,0.021983588685723983,0.0015027384830305446,0.27740474061114845,0.01341105968522133,0.0032326502901682264,0.04004909032750821,0.4933199292368151,0.5066800707631849,0.05845796314308655,0.060493383903333836,0.05741740487117052,0.05307761102443419,0.0552200904776515,0.14622128509599375,0.14373021209371553,0.14228753092625354,0.06727724937494696,0.061930842695529,0.08644336660421577,0.04435232754737674,0.0230907322422921,0.9521992491808828,0.04780075081911715,0.02911413182475789,0.023086701098221547,0.04453580385465456,0.04742927598303616,0.069649462340964,0.11561673327760155,0.11060850711343707,0.18057098358966134,0.1233008485736862,0.2560875523439796,0.096736636777634,0.11707873832400015,0.4400406154926728,0.3038718321633476,0.21381537510163412,0.22622524039103864,0.05819553878592833,0.6043437106281865,0.5746179506093859,0.3579389896009452,0.06744305978966883,0.8461135736061154,0.1538864263938846,0.4308877385156704,0.353294992394916,0.1927265368471215,San Mateo
41,"Santa Barbara County, California",9781.0,120.0,0.012268684183621306,158693,443738,200060,199356,7881,1407,22996,482,604,10952,443738,222208,221530,28356,27457,27240,37445,49425,58974,50124,49960,25886,24096,35041,19841,9893,33.7,2735.139,0.075,436711,390233,278874,161408,46478,144962,6864,5491,10816,11530,16958,23777,18558,23900,11941,15127,71657,101100,34229,48314,41964,1.2268684183621306,2.204228621393705,35.76276992279227,162.23599604992648,2,23171,28488,93994,35841,51659,42335,13445,244382,279021,134983,29734,378963,64775,228897,125970,78978,0.450851628663761,0.4492651068873975,0.01776048028341048,0.003170789970658361,0.05182337325178371,0.0010862265571125304,0.0013611635694937105,0.02468123081638264,0.5007639643212887,0.4992360356787113,0.06390257314000604,0.06187660286024636,0.06138757555133885,0.08438538056240394,0.11138329374540833,0.1329027489194074,0.11295854761142834,0.11258896015216184,0.0583362254303215,0.054302313527351716,0.07896776926925347,0.0447133218250409,0.02229468740563125,0.8935726372818638,0.10642736271813626,0.04735034008912682,0.037878892399387416,0.0746126571101392,0.07953808584318649,0.116982381589658,0.16402229549813055,0.12801975690180875,0.16487079372525212,0.08237331162649522,0.10435148521681543,0.15984188959865345,0.1965204674328445,0.6484044094314372,0.2472441053517473,0.35636235703149793,0.2920420523999393,0.030299410913647244,0.5507348931126025,0.6287967223902393,0.30419526837908856,0.06700800923067217,0.8540242215000744,0.14597577849992566,0.5158381747788109,0.2838837331939117,0.1779834046216461,Santa Barbara
42,"Santa Clara County, California",23978.0,388.0,0.016181499708065726,839764,1922200,495455,615912,45379,3003,685265,6231,4743,66212,1922200,970469,951731,118688,119462,124678,113909,121662,304906,280977,269412,120020,101578,138006,75122,33780,37.0,1291.086,0.081,1912773,1821047,1466921,513162,91726,635525,20454,17520,29090,29276,44235,71227,65389,114669,83325,160340,116178,154183,52451,90862,64739,1.6181499708065723,1.2474248257205285,43.687649568203106,1488.824137199226,1,67064,73511,277191,197994,140575,136616,80189,1306288,1184282,629016,108902,1675292,246908,903305,670409,314706,0.257754135885964,0.32042035168036626,0.02360784517740089,0.0015622723962126727,0.3565003641660597,0.003241598168764957,0.0024674851732389967,0.03444594735199251,0.5048741025907814,0.4951258974092186,0.06174591613775881,0.062148579752367074,0.06486213713453334,0.05925970242430549,0.06329310165435438,0.15862345229424618,0.14617469566122152,0.14015815211736551,0.06243887212568931,0.05284465716366663,0.07179585891166372,0.039081261055041096,0.01757361356778691,0.9520455380748264,0.04795446192517356,0.03218441446048542,0.0275677589394595,0.04577317965461626,0.04606585106801464,0.06960387081546753,0.11207584280712796,0.10288973683175327,0.180431926360096,0.1311120726958027,0.2522953463671768,0.1055253530545612,0.11566972188348215,0.4361606545769246,0.3115439990558987,0.22119507493804336,0.21496557963888124,0.041717303090209136,0.6795796483196338,0.6161075850587868,0.3272375403183852,0.05665487462282801,0.8715492664655082,0.12845073353449174,0.4699328893975653,0.3487717199042764,0.16372177713037145,Santa Clara
43,"Santa Cruz County, California",2775.0,25.0,0.009009009009009007,82057,273765,91676,157540,2359,360,12116,168,554,8992,273765,135727,138038,14535,14511,15516,22731,27607,33557,31870,34702,19532,18203,25867,10581,4553,37.4,445.124,0.055,272297,255293,191239,95639,17004,95756,4893,4046,7091,6734,9176,14353,11540,15655,8902,13366,78041,109141,39001,60827,50855,0.9009009009009008,1.0136430880499698,29.97351743283473,615.030867803129,1,16030,15910,57833,24557,31940,25893,10074,116225,160327,98304,15134,232764,41001,128457,86104,54651,0.3348711486128614,0.5754570525815937,0.00861687944039596,0.0013149964385513126,0.04425693569302139,0.000613665004657279,0.002023633408215075,0.032845688820703885,0.4957792267090388,0.5042207732909613,0.05309298120650923,0.05300531477727248,0.056676346501561566,0.08303106679086078,0.10084196299746133,0.12257593191240662,0.11641371249063978,0.12675835114057676,0.07134586232717842,0.06649133380819316,0.09448614687779663,0.03864993698975398,0.016631052179789236,0.9375534802072736,0.06244651979272633,0.051098625673587035,0.04225322695183592,0.07405280086887506,0.07032457496136013,0.09582689335394126,0.14989139061782028,0.1205146413801746,0.16348844980993354,0.092965453861899,0.13958394252057313,0.167404653494298,0.1661514683153014,0.6039621538075943,0.2564539036718326,0.33355612180959937,0.2704060319979949,0.03679798367212755,0.4245429474184063,0.5856373166767118,0.359081694153745,0.055280989169543215,0.8502328639526602,0.14976713604733988,0.4692236041860721,0.3145179259583949,0.1996274176757438,Santa Cruz
44,"Shasta County, California",1878.0,30.0,0.01597444089456869,47358,179085,17605,143575,2140,4014,5326,182,151,6092,179085,87859,91226,10520,10893,10500,10808,10213,22779,19093,22249,12939,13470,20852,10598,4171,41.8,3775.3959999999997,0.105,177648,164382,107603,85500,13266,70473,4231,4935,7857,7541,10154,13004,8110,8201,3722,2718,50905,69130,27983,51045,38344,1.5974440894568689,1.048664042214591,26.44442583130916,47.434759161687936,1,17023,17695,55832,11923,34718,21114,10439,35510,94806,69510,14769,143464,35621,75713,54281,44920,0.0983052740318843,0.8017142697601698,0.011949632855906412,0.02241393751570483,0.0297400675656811,0.0010162771868107324,0.0008431750286176955,0.03401736605522517,0.4905994360220007,0.5094005639779993,0.05874305497389507,0.060825864812798384,0.05863137616215764,0.06035122986291426,0.05702878521372533,0.12719658262836084,0.10661417762515008,0.1242370941173186,0.07225060725353882,0.07521567970516793,0.1164363291174582,0.05917860233967113,0.023290616187843758,0.9253242366927856,0.07467576330721426,0.06003717735870475,0.07002681878166106,0.11148950661955642,0.10700551984447944,0.14408354972826473,0.18452456969335773,0.11507953400593135,0.11637080867850096,0.05281455309125481,0.03856796219828871,0.24155350275992224,0.2510890695727442,0.7922466760319555,0.1691853617697558,0.4926425723326664,0.2996041036992891,0.058290755786358436,0.19828573023983026,0.5293910712790016,0.3881397101934835,0.08246921852751486,0.8010944523550271,0.19890554764497306,0.4227768936538515,0.3031018789960075,0.2508306111622972,Shasta
45,"Sierra County, California",6.0,0.0,0.0,641,2930,324,2567,6,25,0,0,0,8,2930,1542,1388,112,111,153,141,83,187,380,254,482,174,516,281,56,55.5,953.168,0.042,2903,2607,1789,1403,296,1241,45,127,145,118,196,139,135,263,48,25,48125,67464,31972,76042,32394,0.0,0.20477815699658705,21.87713310580205,3.0739596797206787,1,317,314,905,311,631,274,33,363,1167,1426,337,2077,853,787,1116,971,0.110580204778157,0.8761092150170648,0.0020477815699658703,0.008532423208191127,0.0,0.0,0.0,0.0027303754266211604,0.5262798634812287,0.4737201365187713,0.038225255972696236,0.0378839590443686,0.052218430034129695,0.04812286689419795,0.028327645051194537,0.06382252559726963,0.1296928327645051,0.08668941979522184,0.1645051194539249,0.059385665529010236,0.17610921501706486,0.09590443686006826,0.019112627986348118,0.8980365139510851,0.10196348604891492,0.0362610797743755,0.10233682514101533,0.1168412570507655,0.0950846091861402,0.1579371474617244,0.11200644641418213,0.10878323932312653,0.2119258662369057,0.038678485092667206,0.020145044319097503,0.25543916196615635,0.25302175664786464,0.7292506043513296,0.2506043513295729,0.508460918614021,0.22078968573730864,0.011262798634812287,0.12389078498293515,0.39829351535836177,0.4866894197952218,0.11501706484641636,0.7088737201365187,0.2911262798634812,0.2686006825938567,0.3808873720136519,0.33139931740614337,Sierra
46,"Siskiyou County, California",174.0,0.0,0.0,10549,43540,5336,33390,619,1283,671,120,33,2088,43540,21706,21834,2257,2695,2309,2459,2028,4439,4286,5085,3768,3751,6451,2829,1183,48.0,6278.768,0.07400000000000001,43429,40379,23600,23976,3050,19257,1554,1307,2680,2194,2869,3504,2157,1939,619,434,44200,63208,28130,47402,37909,0.0,0.3996325218190169,24.228295819935695,6.934481414188262,1,5541,5063,16265,2558,10604,5661,3524,10150,20473,19055,4012,33077,10463,16187,13139,13031,0.12255397335783187,0.7668810289389068,0.014216812126779972,0.029467156637574644,0.015411116214974737,0.002756086357372531,0.0007579237482774461,0.04795590261828204,0.49853008727606796,0.501469912723932,0.05183739090491502,0.061897106109324765,0.05303169499310978,0.05647680293982545,0.046577859439595776,0.1019522278364722,0.09843821773082223,0.116789159393661,0.08654111162149747,0.08615066605420303,0.14816260909508494,0.06497473587505742,0.027170418006430868,0.9297704298970734,0.07022957010292663,0.0806979280261723,0.06787142337851171,0.13917017188554812,0.11393259593913901,0.14898478475359608,0.18195980682349275,0.11201121670042062,0.10069065794256632,0.032144155372072485,0.02253725917848056,0.2877395232902321,0.2629173806927351,0.8446279275068806,0.13283481331463884,0.5506569039829672,0.29397102352391336,0.08093706936150666,0.23311897106109325,0.4702112999540653,0.4376435461644465,0.09214515388148828,0.7596922370234267,0.2403077629765733,0.37177308222324296,0.3017684887459807,0.29928801102434544,Siskiyou
47,"Solano County, California",7189.0,74.0,0.01029350396439004,164374,438530,114406,168870,59500,1258,65994,3928,1288,23286,438530,217931,220599,26706,27649,27594,26976,29952,63551,54436,58247,29377,29652,39080,17772,7538,37.9,821.752,0.083,426327,402631,307314,155354,23696,149067,6100,5323,9438,10274,15969,25215,21756,28449,14073,12470,77609,96029,33700,60730,49969,1.029350396439004,1.639340524023442,37.48295441588945,533.6524888287463,1,20861,26243,94075,42522,47104,46971,29760,269660,256864,156356,25310,374140,64390,202428,142060,86504,0.26088523020089843,0.3850819784279297,0.1356805691742868,0.0028686748911134928,0.15048913415273754,0.008957197911203339,0.002937085262125738,0.053100129979704924,0.4969580188356555,0.5030419811643445,0.060898912275100914,0.06304927827058583,0.06292385925706337,0.06151460561421111,0.06830091441862586,0.14491824960664038,0.1241328985474198,0.13282329601167536,0.06698971564089116,0.06761681070850341,0.08911590997195175,0.040526303787654205,0.017189245889676876,0.9444182517175784,0.05558174828242171,0.04092119650895235,0.035708775248713666,0.0633138119100807,0.06892202834966828,0.10712632574614098,0.16915212622512024,0.14594779528668314,0.1908470687677353,0.09440721286401416,0.08365365909289113,0.1399437836677467,0.17604835409580927,0.6310920592753594,0.2852542816317495,0.315992137763556,0.31509992151180344,0.0678630880441475,0.6149180215720703,0.5857387179896473,0.3565457323330217,0.057715549677331085,0.8531685403507172,0.14683145964928282,0.4616058194422274,0.3239459101999863,0.19725902446810936,Solano
48,"Sonoma County, California",9179.0,134.0,0.0145985401459854,189194,501317,132985,318237,7192,2068,19720,1406,2501,17208,501317,245196,256121,25736,28607,28944,29922,30140,65417,61766,66429,35686,37573,55520,23956,11621,41.7,1575.8729999999994,0.068,497067,462681,353511,179416,34386,189339,7132,6950,13121,13538,19516,32265,27194,33102,17769,18752,76753,102483,39929,56448,49937,1.4598540145985401,1.8309772060392928,37.739394435058045,318.12017846615817,1,27203,33054,119716,50871,60257,59459,23183,183080,270532,195208,35577,410220,91097,208766,163881,117049,0.2652712754604372,0.6348019317118709,0.014346212077388159,0.0041251343960009325,0.039336387954128825,0.002804612650279165,0.0049888593444866215,0.034325586405408164,0.4891037008519559,0.510896299148044,0.05133677892431336,0.05706369422939976,0.0577359235772974,0.059686785008288175,0.0601216396012902,0.1304902885798806,0.12320747152001628,0.13250897136941298,0.07118450002692908,0.07494858542598795,0.1107482890067562,0.04778613133007658,0.023180941400351474,0.9308222030430504,0.06917779695694946,0.0376678867005741,0.036706647864412516,0.06929898224877072,0.07150138112063548,0.10307437981609706,0.17040863213601,0.14362598302515595,0.17482927447594002,0.09384754329535913,0.09903928931704507,0.14367351681375734,0.17457576093673252,0.6322838929116558,0.2686768177712991,0.3182492777504899,0.31403461516116593,0.04624419279617487,0.36519806828812906,0.5396425814404857,0.38939034582908616,0.07096707273042806,0.8182846382628157,0.18171536173718425,0.4164351099204695,0.3269009429163583,0.2334830057628207,Sonoma
49,"Stanislaus County, California",17574.0,396.0,0.02253328781153977,177068,539301,245973,229796,14338,2600,28599,3711,908,13376,539301,266844,272457,39410,41234,41604,39283,37852,77347,67919,66531,33381,26970,39540,19925,8305,34.0,1496.016,0.09699999999999999,536175,501163,305445,246690,35012,172682,8860,8979,16576,17386,23456,32240,22512,25877,9042,7754,57387,75761,25101,49623,40569,2.2533287811539773,3.258662602146111,32.832870697439844,360.49146533192163,3,34415,40842,130009,34919,75257,54752,20595,309505,344649,166422,28230,471531,67770,276730,167831,86435,0.45609594641953205,0.4260997105512506,0.02658626629655796,0.0048210554031978435,0.053029755183098125,0.0068811294620258435,0.001683660886962939,0.02480247579737475,0.4947960415426635,0.5052039584573365,0.07307607440001039,0.07645823019056149,0.0771443034594781,0.07284058438608497,0.07018714966224797,0.14342083548890136,0.12593894689607474,0.12336524501159835,0.06189678862082585,0.05000917854778687,0.07331712717017028,0.03694597265719887,0.015399563509060804,0.9347004243017673,0.06529957569823286,0.05130818498743355,0.05199731297992842,0.09599147566046258,0.1006821788026546,0.13583349741142678,0.18670156704230892,0.13036680140373635,0.14985348791420067,0.052362145446543364,0.04490334835130471,0.19929697362782456,0.2365156762140813,0.7528810182879513,0.20221563336074397,0.4358126498419059,0.31706836844604536,0.03818832154956138,0.5739002894487494,0.639066124483359,0.3085883393503813,0.052345536166259664,0.8743373366635699,0.12566266333642995,0.5131271775872843,0.3112009805284989,0.16027227837515598,Stanislaus
50,"Sutter County, California",1804.0,12.0,0.006651884700665189,27298,95872,29354,44769,1793,676,14532,367,211,4170,95872,47789,48083,6614,7219,7031,6583,6204,13284,11641,11722,5701,5645,7826,4618,1784,35.7,602.53,0.121,94632,85514,52327,44432,9118,32360,1593,1561,3284,3286,4552,6202,3959,4862,1721,1340,56955,75716,26070,47280,37229,0.6651884700665189,1.881675567423231,28.473381174899863,159.11572867741026,1,6438,7838,24437,6583,14276,10161,5424,51103,58576,30894,6402,81644,14228,46935,29064,18089,0.30617907209612816,0.4669663718291055,0.01870201935914553,0.007051068090787717,0.15157710280373832,0.0038280206942590115,0.0022008511348464623,0.04349549399198932,0.4984667056074766,0.5015332943925234,0.0689878170894526,0.07529831441922563,0.07333736648865154,0.06866446929238985,0.06471128170894526,0.13855974632843793,0.12142231308411215,0.12226718958611482,0.059464702937249675,0.058880590787716965,0.08162967289719626,0.048168391188251,0.018608144192256343,0.9036478146927044,0.09635218530729564,0.0492274412855377,0.04823856613102597,0.1014833127317676,0.1015451174289246,0.14066749072929546,0.1916563658838072,0.1223423980222497,0.15024721878862793,0.05318294190358467,0.04140914709517923,0.19894932014833128,0.24221260815822002,0.7551606922126082,0.20343016069221265,0.4411619283065513,0.31399876390605685,0.05657543391188252,0.5330336281708945,0.6109813084112149,0.3222421562082777,0.06677653538050735,0.8515937917222964,0.1484062082777036,0.4895589953271028,0.30315420560747663,0.1886786548731642,Sutter
51,"Tehama County, California",872.0,8.0,0.009174311926605505,19866,63373,15623,43539,420,1013,964,17,24,1773,63373,31504,31869,3867,4283,4463,3872,3554,7538,7003,8006,4489,4333,7013,3481,1471,40.9,2949.137,0.08900000000000001,62838,58226,34534,33186,4612,24025,1658,1774,3749,2885,3363,4385,2530,2258,776,647,42899,58939,23126,41083,32444,0.9174311926605504,1.3759803070708347,31.34773483975825,21.488659224715576,1,7181,6248,20344,3034,13429,6915,2827,19834,34580,23841,4952,51408,11965,27577,19498,14827,0.2465245451532987,0.6870275985040948,0.006627428084515489,0.01598472535622426,0.015211525413030787,0.0002682530415161031,0.0003787101762580279,0.02797721427106181,0.4971202247013712,0.5028797752986287,0.061019677149574736,0.06758398687138055,0.07042431319331577,0.06109857510296182,0.05608066526754296,0.1189465545263756,0.11050447351395704,0.12633140296340714,0.07083458255092863,0.06837296640525145,0.11066226942073122,0.054928755148091465,0.023211777886481624,0.9266049205894522,0.07339507941054776,0.06901144640998959,0.07383975026014568,0.15604578563995838,0.12008324661810615,0.13997918834547346,0.18251821019771072,0.10530697190426637,0.09398543184183143,0.032299687825182104,0.02693028095733611,0.29889698231009365,0.2600624349635796,0.8467845993756503,0.12628511966701353,0.5589594172736733,0.2878251821019771,0.0446089028450602,0.3129724014959052,0.5456582456251085,0.3762012213403184,0.07814053303457308,0.8111971975446957,0.1888028024553043,0.4351537721111514,0.3076704590282928,0.2339639909740741,Tehama
52,"Trinity County, California",25.0,0.0,0.0,3634,12862,930,10607,87,574,179,158,27,300,12862,6582,6280,571,646,523,752,404,1057,1418,1661,1076,1365,2067,1055,267,51.8,3179.268,0.065,12691,11256,6521,7002,1435,5796,577,504,867,769,803,955,556,493,164,108,38497,54856,25964,50189,33409,0.0,0.1943710153941844,28.25377079769865,4.045585335995582,1,1948,1572,5031,657,3520,1511,1059,2255,5371,6169,1322,9473,3389,3953,4155,4487,0.0723060177266366,0.8246773441144456,0.006764111335717618,0.044627585134504745,0.013916964702223604,0.012284248172912456,0.002099206966257192,0.02332452184730213,0.5117400093298088,0.4882599906701913,0.04439433991603172,0.05022547037785725,0.04066241642046338,0.058466801430570675,0.0314103560877002,0.08218006530866118,0.1102472399315814,0.12914010262789613,0.08365728502565697,0.10612657440522467,0.16070595552791167,0.08202456849634583,0.02075882444409889,0.8869277440706013,0.1130722559293988,0.09955141476880608,0.08695652173913042,0.14958592132505175,0.13267770876466528,0.13854382332643206,0.1647688060731539,0.09592822636300898,0.08505866114561766,0.02829537612146308,0.018633540372670808,0.3360938578329883,0.2712215320910973,0.8680124223602484,0.11335403726708075,0.6073153899240856,0.2606970324361629,0.08233556212097652,0.17532265588555435,0.4175866894728658,0.4796299175866895,0.10278339294044472,0.7365106515316436,0.2634893484683564,0.3073394495412844,0.3230446275851345,0.3488570984294822,Trinity
53,"Tulare County, California",17406.0,286.0,0.016431115707227394,162667,460477,295149,133617,5870,2769,14800,584,877,6811,460477,230255,230222,38504,40849,40772,37292,33987,64943,57243,51482,23979,21035,29507,14406,6478,30.8,4824.379,0.109,456524,411745,202018,244422,44779,136106,9449,9406,17255,15152,19769,24041,15118,15304,5448,5164,47518,66651,20421,40208,35317,1.6431115707227395,3.7799933547169573,35.325760027102326,95.44793226236992,3,36110,34921,110190,20752,71031,39159,11041,326860,313590,126003,20884,410086,50391,256347,132704,64948,0.6409636094745231,0.2901708445807282,0.012747650805577694,0.006013329655987161,0.03214058465460816,0.0012682500971818351,0.0019045468068980644,0.014791183924495688,0.5000358324085676,0.4999641675914324,0.08361763996898867,0.08871018530784383,0.08854296740119484,0.08098558668511131,0.07380824666595726,0.14103418846109578,0.12431239779619828,0.11180145805327954,0.05207426212384115,0.0456808917709245,0.06407920482456235,0.03128495017123548,0.014068020769767002,0.9019131524301024,0.09808684756989773,0.0694238314255066,0.06910790119465711,0.1267761891466945,0.1113249966937534,0.14524708682938298,0.17663438790354574,0.11107519139494218,0.11244177332373298,0.04002762552716265,0.03794101656062187,0.2653079217668582,0.2565720835231364,0.8095895845884825,0.15246939885089564,0.5218800052899946,0.28770957929848795,0.023977310484562742,0.7098291554192717,0.6810112122863899,0.2736358167726075,0.045352970941002484,0.8905678242344351,0.10943217576556484,0.5566988144901917,0.2881881179733189,0.14104504676672233,Tulare
54,"Tuolumne County, California",269.0,4.0,0.01486988847583643,20986,53932,6527,43364,880,747,732,125,40,1517,53932,28102,25830,2389,2833,2220,2641,2726,6669,5563,6359,4214,4967,7859,3739,1753,48.4,2220.89,0.055999999999999994,50912,47997,33585,24538,2915,22427,1297,1450,2062,2346,2834,4045,3114,3038,886,1355,56493,80361,33685,54816,44713,1.4869888475836432,0.4987762367425647,38.911963212934815,24.283958232960657,1,4809,5180,17148,3924,9989,7159,2429,10568,25041,23399,5492,40581,13351,19478,16136,16565,0.12102276941333533,0.8040495438700586,0.01631684343247052,0.013850775050063043,0.013572647037009571,0.0023177334421122893,0.0007416747014759327,0.028128013053474742,0.5210635615219165,0.4789364384780835,0.04429652154565008,0.05252911073203293,0.04116294593191426,0.04896907216494845,0.05054513090558481,0.12365571460357487,0.10314840910776532,0.1179077356671364,0.0781354298004895,0.09209745605577394,0.14572053697248386,0.0693280427204628,0.03250389379218275,0.9427443431803896,0.05725565681961031,0.057832077406697276,0.06465421144156598,0.0919427475810407,0.10460605520131984,0.1263655415347572,0.18036295536629954,0.1388504927096803,0.13546172024791545,0.03950595264636377,0.060418245864359926,0.214429036429304,0.23097159673607706,0.7646140812413609,0.17496767289427922,0.44540063316538103,0.31921344807597984,0.04503819624712601,0.1959504561299414,0.4643069049914708,0.4338611584958837,0.10183193651264556,0.7524475265148706,0.24755247348512946,0.3611584958837054,0.29919157457539125,0.3071460357487206,Tuolumne
55,"Ventura County, California",14240.0,164.0,0.011516853932584269,344102,848112,360017,388301,13677,2299,60242,1406,1016,21154,848112,419588,428524,51709,53476,59175,57639,59428,112151,105619,116202,59504,49774,71153,35016,17266,37.9,1842.467,0.077,841489,763015,570372,277881,78474,271226,8653,7711,16744,17921,26844,42811,38297,51509,27073,33663,84017,110792,36891,57726,49285,1.151685393258427,1.6790235251947856,40.572707378270785,460.313264769464,1,33108,44765,158981,78582,77873,81108,25875,459811,499197,296633,52282,724677,123435,393578,281325,155943,0.4244922840379573,0.4578416529892279,0.016126407832927726,0.002710726885128379,0.07103071292470806,0.0016577999132190088,0.0011979549870771784,0.024942460429754558,0.4947318278717906,0.5052681721282095,0.06096954175863565,0.0630529930009244,0.06977262437036617,0.06796154281509989,0.07007093402758126,0.13223607259418568,0.12453425962608712,0.13701256437828965,0.07016054483370121,0.05868800347123965,0.08389575905069142,0.04128699983021111,0.020358160242986777,0.9067438790049543,0.09325612099504567,0.031903283608503606,0.028430165249644205,0.06173449448061764,0.0660740489481097,0.09897281234099976,0.15784253721988306,0.1411995900098073,0.1899117341257844,0.09981712667664604,0.12411420734000428,0.12206794333876544,0.16504686128910945,0.5861569318575652,0.28972886080243043,0.2871148046278749,0.2990421272296904,0.030508942215179125,0.5421583470107721,0.5885979681928802,0.34975687173392195,0.061645160073197876,0.8544590808761107,0.1455409191238893,0.4640637085667931,0.331707368838078,0.18387076235214211,Ventura
56,"Yolo County, California",3164.0,58.0,0.018331226295828063,68725,214977,67809,101274,5215,533,29360,919,258,9609,214977,104375,110602,12467,12618,13052,20389,30396,29455,24981,23778,11704,10696,14761,7050,3630,31.0,1014.732,0.08,213606,201043,153567,68326,12563,73510,5640,3773,6430,5442,7435,12203,8701,11053,5690,7143,65923,92571,32598,60255,49132,1.8331226295828065,1.4717853537820325,31.96853616898552,211.8559383167181,1,15843,12877,49624,16743,28720,20904,11319,113703,143358,60939,10680,189536,25441,118377,60463,32507,0.3154244407541272,0.4710922563809152,0.024258409039106508,0.00247933499862776,0.13657274964298508,0.00427487591695856,0.001200128385827321,0.04469780488145243,0.48551705531289396,0.5144829446871061,0.057992250333756636,0.058694651055694325,0.06071347167371392,0.09484270410322963,0.14139186982793508,0.13701465738195248,0.11620312870679188,0.11060718123334123,0.05444303344078669,0.04975415974732182,0.06866315931471739,0.032794205891793084,0.016885527288965797,0.9411861090044288,0.058813890995571286,0.07672425520337367,0.0513263501564413,0.08747109236838525,0.07403074411644674,0.10114270167324174,0.16600462522105836,0.11836484831995647,0.15036049517072508,0.07740443477077949,0.09717045299959187,0.21552169772820026,0.17517344578968844,0.6750646170589035,0.2277649299415045,0.3906951435178887,0.28436947354101483,0.05265214418286608,0.5289077436190849,0.6668527330830739,0.2834675337361671,0.04967973318075887,0.8816571075045238,0.11834289249547625,0.5506496043762821,0.28125334338091984,0.15121152495383228,Yolo
57,"Yuba County, California",1210.0,10.0,0.008264462809917356,20411,75493,20990,42085,2340,643,4977,292,126,4040,75493,38468,37025,6126,5796,5815,4955,5600,11930,9193,8410,4592,4001,5647,2311,1117,32.5,632.016,0.126,73339,67493,41668,34119,5846,26179,1289,1879,2835,2497,3956,4744,3264,3591,1450,674,52624,67391,23867,44748,38905,0.8264462809917356,1.6027976103744717,27.036943822606073,119.447925368978,1,6003,6453,20464,5041,12456,8008,5101,33408,49415,22650,3428,66418,9075,40222,22195,11959,0.2780390234856212,0.5574689044017326,0.0309962513080683,0.0085173459790974,0.06592664220523757,0.003867908282887155,0.001669028916588293,0.05351489542076749,0.5095571774866544,0.4904428225133456,0.08114659637317367,0.07677533016306147,0.07702700912667401,0.06563522445789675,0.07417906295947968,0.15802789662617725,0.12177287960473154,0.11140105705164716,0.06082683162677335,0.05299829123229968,0.0748016372378896,0.03061210973202813,0.014796073808167647,0.9202879777471741,0.07971202225282592,0.04923793880591314,0.07177508690171512,0.10829290652813324,0.09538179456816533,0.15111348791015694,0.18121395011268573,0.12468008709270788,0.13717101493563544,0.055387906337140455,0.025745826807746668,0.2293059322357615,0.2464952824783223,0.7816952519194774,0.19255892127277588,0.4758012147140838,0.30589403720539365,0.06756917859934032,0.44253109559826737,0.6545639993111945,0.3000278171486098,0.04540818354019578,0.8797901792219146,0.12020982077808536,0.5327911197064629,0.2940007682831521,0.1584120382022174,Yuba
